Position,Const,Created,Modified,Description,Name,Known For,Birth Date
1,nm0000134,2014-03-09,2014-03-09,,Robert De Niro,Raging Bull,1943-08-17
2,nm0000197,2014-03-09,2015-10-25,,Jack Nicholson,Chinatown,1937-04-22
3,nm0000008,2014-03-09,2014-03-09,,Marlon Brando,Apocalypse Now,1924-04-03
4,nm0000243,2014-03-09,2014-03-09,,Denzel Washington,Fences,1954-12-28
5,nm0000007,2015-08-13,2015-08-13,,Humphrey Bogart,Casablanca,1899-12-25
6,nm0000158,2014-03-09,2014-03-09,,Tom Hanks,Cast Away,1956-07-09
7,nm0000022,2015-08-13,2015-08-13,,Clark Gable,It Happened One Night,1901-02-01
8,nm0000358,2014-03-09,2014-03-09,,Daniel Day-Lewis,There Will Be Blood,1957-04-29
9,nm0001627,2014-03-09,2014-03-09,,Sidney Poitier,In the Heat of the Night,1927-02-20
10,nm0000060,2015-04-03,2015-04-03,,Gregory Peck,To Kill a Mockingbird,1916-04-05
11,nm0000138,2014-03-09,2014-03-09,,Leonardo DiCaprio,Inception,1974-11-11
12,nm0000075,2014-03-09,2014-03-09,,Spencer Tracy,Guess Who's Coming to Dinner,1900-04-05
13,nm0451321,2014-03-10,2014-03-10,,Shah Rukh Khan,Don 2,1965-11-02
14,nm0000026,2014-03-09,2014-03-09,,Cary Grant,Charade,1904-01-18
15,nm0000059,2014-03-09,2014-03-09,,Laurence Olivier,Sleuth,1907-05-22
16,nm0000071,2014-08-31,2014-08-31,,James Stewart,Anatomy of a Murder,1908-05-20
17,nm0000537,2015-08-13,2015-08-13,,Steve McQueen,The Great Escape,1930-03-24
18,nm0000045,2014-03-10,2014-03-10,,Bruce Lee,Meng long guo jiang,1940-11-27
19,nm0000020,2014-03-09,2014-03-09,,Henry Fonda,12 Angry Men,1905-05-16
20,nm0000151,2015-08-13,2015-08-13,,Morgan Freeman,Se7en,1937-06-01
21,nm0000010,2014-03-09,2014-03-09,,James Cagney,Angels with Dirty Faces,1899-07-17
22,nm0000136,2014-03-09,2014-03-09,,Johnny Depp,Sweeney Todd: The Demon Barber of Fleet Street,1963-06-09
23,nm0000122,2014-03-09,2014-03-09,,Charles Chaplin,The Great Dictator,1889-04-16
24,nm0000056,2014-03-09,2014-03-09,,Paul Newman,The Hustler,1925-01-26
25,nm0000164,2014-03-09,2014-03-09,,Anthony Hopkins,The Silence of the Lambs,1937-12-31
26,nm0000031,2014-03-09,2014-03-09,,Katharine Hepburn,The Lion in Winter,1907-05-12
27,nm0000658,2014-03-09,2014-03-09,,Meryl Streep,August: Osage County,1949-06-22
28,nm0000006,2014-03-09,2014-03-09,,Ingrid Bergman,Notorious,1915-08-29
29,nm0000072,2014-03-09,2014-03-09,,Elizabeth Taylor,Who's Afraid of Virginia Woolf?,1932-02-27
30,nm0000012,2014-03-09,2014-03-09,,Bette Davis,All About Eve,1908-04-05
31,nm0000949,2014-03-09,2014-03-09,,Cate Blanchett,Carol,1969-05-14
32,nm0000030,2014-03-09,2014-03-09,,Audrey Hepburn,Breakfast at Tiffany's,1929-05-04
33,nm0000701,2014-03-09,2014-03-09,,Kate Winslet,Eternal Sunshine of the Spotless Mind,1975-10-05
34,nm0000932,2014-03-09,2014-03-09,,Halle Berry,Catwoman,1966-08-14
35,nm0000047,2014-03-09,2014-03-09,,Sophia Loren,Una giornata particolare,1934-09-20
36,nm0000046,2014-03-09,2014-03-09,,Vivien Leigh,A Streetcar Named Desire,1913-11-05
37,nm0000054,2014-03-09,2014-03-09,,Marilyn Monroe,Some Like It Hot,1926-06-01
38,nm0205626,2014-03-10,2014-03-10,,Viola Davis,Fences,1965-08-11
39,nm0000210,2014-03-09,2014-03-09,,Julia Roberts,Pretty Woman,1967-10-28
40,nm0000149,2014-03-09,2014-03-09,,Jodie Foster,The Silence of the Lambs,1962-11-19
41,nm0000023,2014-03-09,2014-03-09,,Judy Garland,The Wizard of Oz,1922-06-10
42,nm0000366,2014-03-10,2014-03-10,,Catherine Deneuve,8 femmes,1943-10-22
43,nm0000038,2015-08-13,2015-08-13,,Grace Kelly,Rear Window,1929-11-12
44,nm0000545,2014-03-09,2014-03-09,,Helen Mirren,RED,1945-07-26
45,nm0000291,2014-03-10,2014-03-10,,Angela Bassett,Strange Days,1958-08-16
46,nm0001256,2014-03-09,2014-03-09,,Greta Garbo,Ninotchka,1905-09-18
47,nm0000014,2014-03-09,2014-03-09,,Olivia de Havilland,The Heiress,1916-07-01
48,nm0361697,2014-03-10,2014-03-10,,Setsuko Hara,Banshun,1920-06-17
49,nm0000267,2014-03-09,2014-03-09,,Julie Andrews,The Sound of Music,1935-10-01
50,nm0001376,2014-03-10,2014-03-10,,Isabelle Huppert,Elle,1953-03-16
51,nm0000015,2014-03-09,2014-03-09,,James Dean,East of Eden,1931-02-08
52,nm0000199,2014-03-09,2014-03-09,,Al Pacino,Serpico,1940-04-25
53,nm0000018,2014-03-09,2014-03-09,,Kirk Douglas,Spartacus,1916-12-09
54,nm0000052,2014-03-10,2014-03-10,,Marcello Mastroianni,8�,1924-09-28
55,nm0000037,2014-03-09,2014-03-09,,Gene Kelly,Singin' in the Rain,1912-08-23
56,nm0000226,2014-03-09,2014-03-09,,Will Smith,The Fresh Prince of Bel-Air,1968-09-25
57,nm0001536,2014-03-10,2014-03-10,,Toshir� Mifune,Y�jinb�,1920-04-01
58,nm0000148,2015-08-13,2015-08-13,,Harrison Ford,The Fugitive,1942-07-13
59,nm0000078,2014-03-09,2014-03-09,,John Wayne,True Grit,1907-05-26
60,nm0482320,2019-04-12,2019-04-12,,Mohanlal,Dasharatham,1960-05-21
61,nm0000011,2014-03-09,2014-03-09,,Gary Cooper,High Noon,1901-05-07
62,nm0000367,2014-03-10,2014-03-10,,G�rard Depardieu,Cyrano de Bergerac,1948-12-27
63,nm0001845,2014-03-09,2014-03-09,,Forest Whitaker,The Last King of Scotland,1961-07-15
64,nm0001050,2014-03-10,2014-03-10,,Montgomery Clift,From Here to Eternity,1920-10-17
65,nm0000163,2014-03-09,2014-03-09,,Dustin Hoffman,Tootsie,1937-08-08
66,nm0000032,2015-08-13,2015-08-13,,Charlton Heston,Ben-Hur,1923-10-04
67,nm0000129,2014-03-09,2014-03-09,,Tom Cruise,Top Gun,1962-07-03
68,nm0000168,2014-03-09,2014-03-09,,Samuel L. Jackson,Pulp Fiction,1948-12-21
69,nm0000564,2014-03-09,2014-03-09,,Peter O'Toole,Lawrence of Arabia,1932-08-02
70,nm0000245,2014-03-09,2014-03-09,,Robin Williams,Mrs. Doubtfire,1951-07-21
71,nm0000332,2014-03-10,2014-03-10,,Don Cheadle,Crash,1964-11-29
72,nm0000104,2014-03-10,2014-03-10,,Antonio Banderas,The Mask of Zorro,1960-08-10
73,nm0000552,2014-03-10,2014-03-10,,Eddie Murphy,The Nutty Professor,1961-04-03
74,nm0001725,2019-04-12,2019-04-12,,Omar Sharif,Lawrence of Arabia,1932-04-10
75,nm0005132,2014-03-09,2014-03-09,,Heath Ledger,Brokeback Mountain,1979-04-04
76,nm0000473,2014-03-09,2014-03-09,,Diane Keaton,Annie Hall,1946-01-05
77,nm0000028,2014-03-09,2014-03-09,,Rita Hayworth,Gilda,1918-10-17
78,nm0000081,2014-03-09,2014-03-09,,Natalie Wood,Rebel Without a Cause,1938-07-20
79,nm0001076,2014-03-09,2014-03-09,,Joan Crawford,What Ever Happened to Baby Jane?,1904-03-23
80,nm0000215,2014-03-09,2014-03-09,,Susan Sarandon,Thelma & Louise,1946-10-04
81,nm0000335,2014-03-09,2014-03-09,,Glenn Close,Fatal Attraction,1947-03-19
82,nm0000021,2014-03-09,2014-03-09,,Joan Fontaine,Rebecca,1917-10-22
83,nm0000194,2014-03-09,2014-03-09,,Julianne Moore,The Kids Are All Right,1960-12-03
84,nm0005093,2019-11-09,2019-11-09,,Regina King,Ray,1971-01-15
85,nm0001401,2014-03-09,2014-03-09,,Angelina Jolie,Maleficent,1975-06-04
86,nm0000404,2014-03-09,2014-03-09,,Jane Fonda,Klute,1937-12-21
87,nm0880521,2014-03-10,2014-03-10,,Liv Ullmann,Viskningar och rop,1938-12-16
88,nm0000204,2014-03-09,2014-03-09,,Natalie Portman,Black Swan,1981-06-09
89,nm0000113,2014-03-09,2014-03-09,,Sandra Bullock,The Proposal,1964-07-26
90,nm0000039,2014-03-09,2014-03-09,,Deborah Kerr,The King and I,1921-09-30
91,nm0000668,2014-03-09,2014-03-09,,Emma Thompson,Sense and Sensibility,1959-04-15
92,nm0000201,2014-03-09,2014-03-09,,Michelle Pfeiffer,What Lies Beneath,1958-04-29
93,nm0001159,2014-03-09,2014-03-09,,Faye Dunaway,Network,1941-01-14
94,nm0004851,2014-03-10,2014-03-10,,Pen�lope Cruz,Vicky Cristina Barcelona,1974-04-28
95,nm0000173,2014-03-09,2014-03-09,,Nicole Kidman,Moulin Rouge!,1967-06-20
96,nm0000161,2014-03-10,2014-03-10,,Salma Hayek,Frida,1966-09-02
97,nm0000244,2014-03-09,2014-03-09,,Sigourney Weaver,Alien: Resurrection,1949-10-08
98,nm0000870,2014-03-09,2014-03-09,,Kathy Bates,Misery,1948-06-28
99,nm0005154,2014-03-10,2014-03-10,,Lucy Liu,Kill Bill: Vol. 1,1968-12-02
100,nm0010736,2014-03-09,2014-03-09,,Amy Adams,Arrival,1974-08-20
101,nm0000313,2014-03-09,2014-03-09,,Jeff Bridges,The Big Lebowski,1949-12-04
102,nm0001426,2014-03-09,2014-03-09,,Ben Kingsley,Sexy Beast,1943-12-31
103,nm0000169,2014-03-09,2014-03-09,,Tommy Lee Jones,The Fugitive,1946-09-15
104,nm0000602,2014-03-09,2014-03-09,,Robert Redford,The Natural,1936-08-18
105,nm0000493,2015-08-13,2015-08-13,,Jack Lemmon,The Apartment,1925-02-08
106,nm0001626,2014-03-09,2014-03-09,,Christopher Plummer,Beginners,1929-12-13
107,nm0001715,2014-03-09,2014-03-09,,George C. Scott,Patton,1927-10-18
108,nm0001618,2014-03-09,2014-03-09,,Joaquin Phoenix,Her,1974-10-28
109,nm0000686,2014-03-09,2014-03-09,,Christopher Walken,Hairspray,1943-03-31
110,nm0000450,2015-04-03,2015-04-03,,Philip Seymour Hoffman,The Master,1967-07-23
111,nm0000123,2014-03-09,2014-03-09,,George Clooney,Michael Clayton,1961-05-06
112,nm0000432,2014-03-09,2014-03-09,,Gene Hackman,The French Connection,1930-01-30
113,nm0000246,2014-03-09,2014-03-09,,Bruce Willis,Die Hard,1955-03-19
114,nm0000125,2014-03-09,2014-03-09,,Sean Connery,The Rock,1930-08-25
115,nm0005212,2014-03-09,2014-03-09,,Ian McKellen,The Lord of the Rings: The Fellowship of the Ring,1939-05-25
116,nm0000128,2019-04-12,2019-04-12,,Russell Crowe,Les Mis�rables,1964-04-07
117,nm0000195,2014-03-09,2014-03-09,,Bill Murray,Lost in Translation,1950-09-21
118,nm0000115,2014-03-09,2014-03-09,,Nicolas Cage,Face/Off,1964-01-07
119,nm0000582,2014-03-09,2014-03-09,,Joe Pesci,Goodfellas,1943-02-09
120,nm0000093,2014-03-09,2014-03-09,,Brad Pitt,Ad Astra,1963-12-18
121,nm0000126,2014-03-09,2014-03-09,,Kevin Costner,The Postman,1955-01-18
122,nm0000661,2015-08-13,2015-08-13,,Donald Sutherland,The Hunger Games: Catching Fire,1935-07-17
123,nm0000142,2014-03-09,2014-03-09,,Clint Eastwood,Unforgiven,1930-05-31
124,nm0000140,2014-03-09,2014-03-09,,Michael Douglas,Wall Street,1944-09-25
125,nm0000375,2015-08-13,2015-08-13,,Robert Downey Jr.,Iron Man,1965-04-04
126,nm0001257,2014-03-09,2014-03-09,,Ava Gardner,The Night of the Iguana,1922-12-24
127,nm0000398,2014-03-09,2014-03-09,,Sally Field,Forrest Gump,1946-11-06
128,nm0000013,2014-03-09,2014-03-09,,Doris Day,Pillow Talk,1922-04-03
129,nm0000511,2014-03-09,2014-03-09,,Shirley MacLaine,Terms of Endearment,1934-04-24
130,nm0000456,2014-03-09,2014-03-09,,Holly Hunter,The Piano,1958-03-20
131,nm0005476,2014-03-09,2014-03-09,,Hilary Swank,Boys Don't Cry,1974-07-30
132,nm0001055,2014-03-09,2014-03-09,,Claudette Colbert,It Happened One Night,1903-09-13
133,nm0000178,2014-03-09,2014-03-09,,Diane Lane,Unfaithful,1965-01-22
134,nm0001448,2014-03-09,2014-03-09,,Jessica Lange,Tootsie,1949-04-20
135,nm0841797,2014-03-09,2014-03-09,,Gloria Swanson,Sunset Blvd.,1899-03-27
136,nm0000002,2014-03-09,2014-03-09,,Lauren Bacall,To Have and Have Not,1924-09-16
137,nm0000531,2014-03-09,2014-03-09,,Frances McDormand,Fargo,1957-06-23
138,nm0790454,2014-03-09,2014-03-09,,Norma Shearer,The Divorcee,1902-08-10
139,nm0000541,2014-03-09,2014-03-09,,Bette Midler,The First Wives Club,1945-12-01
140,nm0001546,2014-03-09,2014-03-09,,Mary Tyler Moore,Ordinary People,1936-12-29
141,nm0536167,2014-03-09,2014-03-09,,Anna Magnani,Roma citt� aperta,1908-03-07
142,nm0001132,2014-03-09,2014-03-09,,Judi Dench,Skyfall,1934-12-09
143,nm0000232,2014-03-09,2014-03-09,,Sharon Stone,Basic Instinct,1958-03-10
144,nm0000107,2014-03-09,2014-03-09,,Kim Basinger,L.A. Confidential,1953-12-08
145,nm0413559,2014-03-09,2014-03-09,,Glenda Jackson,Women in Love,1936-05-09
146,nm0001656,2014-03-09,2014-03-09,,Donna Reed,It's a Wonderful Life,1921-01-27
147,nm0000193,2014-03-09,2014-03-09,,Demi Moore,G.I. Jane,1962-11-11
148,nm0004266,2015-08-13,2015-08-13,,Anne Hathaway,Les Mis�rables,1982-11-12
149,nm0591485,2014-03-09,2014-03-09,,Liza Minnelli,Cabaret,1946-03-12
150,nm0000133,2014-03-09,2014-03-09,,Geena Davis,Thelma & Louise,1956-01-21
151,nm0000634,2014-03-09,2014-03-09,,Peter Sellers,Being There,1925-09-08
152,nm0000095,2014-03-09,2014-03-09,,Woody Allen,Manhattan,1935-12-01
153,nm0000154,2014-03-09,2014-03-09,,Mel Gibson,Braveheart,1956-01-03
154,nm0000120,2014-03-09,2014-03-09,,Jim Carrey,Ace Ventura: Pet Detective,1962-01-17
155,nm0000242,2014-03-09,2014-03-09,,Mark Wahlberg,The Fighter,1971-06-05
156,nm0000188,2014-03-09,2014-03-09,,Steve Martin,Roxanne,1945-08-14
157,nm0000849,2014-03-09,2014-03-09,,Javier Bardem,Skyfall,1969-03-01
158,nm0910607,2014-03-09,2014-03-09,,Christoph Waltz,Django Unchained,1956-10-04
159,nm0000209,2014-03-09,2014-03-09,,Tim Robbins,Mystic River,1958-10-16
160,nm0000216,2014-03-09,2014-03-09,,Arnold Schwarzenegger,Predator,1947-07-30
161,nm0000230,2014-03-09,2014-03-09,,Sylvester Stallone,Rocky,1946-07-06
162,nm0001557,2014-03-09,2014-03-09,,Viggo Mortensen,Eastern Promises,1958-10-20
163,nm0000489,2014-03-09,2014-03-09,,Christopher Lee,Star Wars: Episode II - Attack of the Clones,1922-05-27
164,nm0001691,2014-03-09,2014-03-09,,Geoffrey Rush,The King's Speech,1951-07-06
165,nm0000027,2014-03-09,2014-03-09,,Alec Guinness,Star Wars,1914-04-02
166,nm0000009,2014-03-09,2014-03-09,,Richard Burton,Who's Afraid of Virginia Woolf?,1925-11-10
167,nm0000285,2014-03-09,2014-03-09,,Alec Baldwin,The Departed,1958-04-03
168,nm0001001,2014-03-09,2014-03-09,,James Caan,The Godfather,1940-03-26
169,nm0252230,2015-04-03,2015-04-03,,Chiwetel Ejiofor,12 Years a Slave,1977-07-10
170,nm0586568,2016-06-18,2016-06-18,,Mads Mikkelsen,Hannibal,1965-11-22
171,nm0001774,2014-03-09,2014-03-09,,Ben Stiller,Tropic Thunder,1965-11-30
172,nm0000353,2014-03-09,2014-03-09,,Willem Dafoe,Spider-Man,1955-07-22
173,nm0000438,2014-03-09,2014-03-09,,Ed Harris,The Truman Show,1950-11-28
174,nm0000172,2014-03-09,2014-03-09,,Harvey Keitel,Reservoir Dogs,1939-05-13
175,nm0000685,2014-03-09,2014-03-09,,Jon Voight,Midnight Cowboy,1938-12-29
176,nm0000106,2014-03-09,2014-03-09,,Drew Barrymore,Never Been Kissed,1975-02-22
177,nm0000213,2014-03-09,2014-03-09,,Winona Ryder,Little Women,1971-10-29
178,nm0000678,2014-03-09,2014-03-09,,Kathleen Turner,Romancing the Stone,1954-06-19
179,nm0000235,2014-03-09,2014-03-09,,Uma Thurman,Kill Bill: Vol. 1,1970-04-29
180,nm0000623,2014-03-09,2014-03-09,,Rene Russo,Nightcrawler,1954-02-17
181,nm0000155,2014-03-09,2014-03-09,,Whoopi Goldberg,Ghost,1955-11-13
182,nm0000906,2014-03-09,2014-03-09,,Annette Bening,American Beauty,1958-05-29
183,nm0001749,2015-08-13,2015-08-13,,Maggie Smith,Gosford Park,1934-12-28
184,nm0000659,2014-03-09,2014-03-09,,Barbra Streisand,Funny Girl,1942-04-24
185,nm2225369,2014-03-09,2014-03-09,,Jennifer Lawrence,The Hunger Games,1990-08-15
186,nm0940946,2014-03-09,2014-03-09,,Joanne Woodward,"Rachel, Rachel",1930-02-27
187,nm0564790,2014-03-09,2014-03-09,,Mercedes McCambridge,Giant,1916-03-16
188,nm0001378,2014-03-09,2014-03-09,,Anjelica Huston,The Witches,1951-07-08
189,nm0001848,2014-03-09,2014-03-09,,Dianne Wiest,Hannah and Her Sisters,1948-03-28
190,nm0000443,2014-03-09,2014-03-09,,Goldie Hawn,Overboard,1945-11-21
191,nm0001012,2014-03-09,2014-03-09,,Claudia Cardinale,C'era una volta il West,1938-04-15
192,nm0000569,2014-03-09,2014-03-09,,Gwyneth Paltrow,Shakespeare in Love,1972-09-27
193,nm0000234,2014-03-09,2014-03-09,,Charlize Theron,Monster,1975-08-07
194,nm0000700,2014-03-09,2014-03-09,,Debra Winger,Terms of Endearment,1955-05-16
195,nm0182839,2015-08-13,2015-08-13,,Marion Cotillard,La M�me,1975-09-30
196,nm0000207,2014-03-09,2014-03-09,,Christina Ricci,Casper,1980-02-12
197,nm0000300,2014-03-09,2014-03-09,,Juliette Binoche,The English Patient,1964-03-09
198,nm0000435,2014-03-09,2014-03-09,,Daryl Hannah,Kill Bill: Vol. 2,1960-12-03
199,nm0095804,2014-03-09,2014-03-09,,Shirley Booth,"Come Back, Little Sheba",1898-08-30
200,nm0000702,2014-03-09,2014-03-09,,Reese Witherspoon,Wild,1976-03-22
201,nm0001125,2014-03-09,2014-03-09,,Benicio Del Toro,Sicario,1967-02-19
202,nm0000102,2014-03-09,2014-03-09,,Kevin Bacon,Footloose,1958-07-08
203,nm0000664,2014-03-09,2014-03-09,,Patrick Swayze,Dirty Dancing,1952-08-18
204,nm0000323,2014-03-09,2014-03-09,,Michael Caine,The Prestige,1933-03-14
205,nm0000380,2015-04-03,2015-04-03,,Robert Duvall,The Apostle,1931-01-05
206,nm0000044,2014-03-09,2014-03-09,,Burt Lancaster,From Here to Eternity,1913-11-02
207,nm0000053,2014-03-09,2014-03-09,,Robert Mitchum,Out of the Past,1917-08-06
208,nm0268199,2014-03-09,2014-03-09,,Colin Farrell,The Lobster,1976-05-31
209,nm0000034,2014-03-09,2014-03-09,,William Holden,Stalag 17,1918-04-17
210,nm0000064,2014-03-09,2014-03-09,,Edward G. Robinson,Key Largo,1893-12-12
211,nm0001635,2014-03-09,2014-03-09,,William Powell,The Thin Man,1892-07-29
212,nm0001467,2014-03-09,2014-03-09,,Jared Leto,Dallas Buyers Club,1971-12-26
213,nm0001224,2014-03-09,2014-03-09,,Errol Flynn,The Adventures of Robin Hood,1909-06-20
214,nm0000050,2014-03-09,2014-03-09,,Groucho Marx,A Night at the Opera,1890-10-02
215,nm0000051,2014-03-09,2014-03-09,,James Mason,Lolita,1909-05-15
216,nm0000036,2014-03-09,2014-03-09,,Buster Keaton,The General,1895-10-04
217,nm0000080,2014-03-09,2014-03-09,,Orson Welles,Citizen Kane,1915-05-06
218,nm0000001,2014-03-09,2014-03-09,,Fred Astaire,Funny Face,1899-05-10
219,nm0177896,2014-03-09,2014-03-09,,Bradley Cooper,A Star Is Born,1975-01-05
220,nm0000198,2019-03-19,2019-03-19,,Gary Oldman,Tinker Tailor Soldier Spy,1958-03-21
221,nm0000179,2014-03-09,2014-03-09,,Jude Law,The Talented Mr. Ripley,1972-12-29
222,nm0316079,2014-03-09,2014-03-09,,Paul Giamatti,Sideways,1967-06-06
223,nm0000553,2014-03-09,2014-03-09,,Liam Neeson,Kinsey,1952-06-07
224,nm0000354,2019-04-12,2019-04-12,,Matt Damon,Good Will Hunting,1970-10-08
225,nm1055413,2014-03-09,2014-03-09,,Michael Fassbender,Shame,1977-04-02
226,nm0000993,2014-03-09,2014-03-09,,Carol Burnett,The Carol Burnett Show,1933-04-26
227,nm0001788,2014-03-09,2014-03-09,,Jessica Tandy,Driving Miss Daisy,1909-06-07
228,nm0000166,2014-03-09,2014-03-09,,Helen Hunt,As Good as It Gets,1963-06-15
229,nm0000099,2015-03-08,2015-03-08,,Patricia Arquette,True Romance,1968-04-08
230,nm0000544,2014-03-09,2014-03-09,,Carmen Miranda,The Gang's All Here,1909-02-09
231,nm0005028,2014-03-09,2014-03-09,,Kate Hudson,Almost Famous,1979-04-19
232,nm0001876,2014-03-09,2014-03-09,,Catherine Zeta-Jones,Chicago,1969-09-25
233,nm0000139,2014-03-09,2014-03-09,,Cameron Diaz,There's Something About Mary,1972-08-30
234,nm0001666,2014-03-09,2014-03-09,,Debbie Reynolds,Singin' in the Rain,1932-04-01
235,nm0000995,2014-03-09,2014-03-09,,Ellen Burstyn,Requiem for a Dream,1932-12-07
236,nm0000058,2014-03-09,2014-03-09,,Maureen O'Hara,The Quiet Man,1920-08-17
237,nm0001485,2014-03-09,2014-03-09,,Myrna Loy,The Thin Man,1905-08-02
238,nm0372176,2014-03-09,2014-03-09,,Lena Headey,Game of Thrones,1973-10-03
239,nm0001057,2014-03-09,2014-03-09,,Toni Collette,Little Miss Sunshine,1972-11-01
240,nm0001473,2014-03-09,2014-03-09,,Laura Linney,The Big C,1964-02-05
241,nm0000017,2014-03-09,2014-03-09,,Marlene Dietrich,Witness for the Prosecution,1901-12-27
242,nm0001479,2014-03-09,2014-03-09,,Carole Lombard,My Man Godfrey,1908-10-06
243,nm0000795,2014-03-09,2014-03-09,,Jean Arthur,Mr. Smith Goes to Washington,1900-10-17
244,nm0001318,2014-03-09,2014-03-09,,Jean Harlow,Bombshell,1911-03-03
245,nm0001677,2014-03-09,2014-03-09,,Ginger Rogers,The Major and the Minor,1911-07-16
246,nm0681933,2014-03-09,2014-03-09,,Mary Pickford,Coquette,1892-04-08
247,nm0922213,2014-03-09,2014-03-09,,Mae West,I'm No Angel,1892-08-17
248,nm0000096,2014-03-09,2014-03-09,,Gillian Anderson,The X Files,1968-08-09
249,nm0914612,2014-03-09,2014-03-09,,Emma Watson,The Perks of Being a Wallflower,1990-04-15
250,nm0000212,2014-03-09,2014-03-09,,Meg Ryan,When Harry Met Sally...,1961-11-19
251,nm0000273,2014-03-09,2014-03-09,,Alan Arkin,Argo,1934-03-26
252,nm0000621,2014-03-10,2014-03-10,,Kurt Russell,The Hateful Eight,1951-03-17
253,nm0350453,2014-03-10,2014-03-10,,Jake Gyllenhaal,Nightcrawler,1980-12-19
254,nm0331516,2014-03-10,2014-03-10,,Ryan Gosling,La La Land,1980-11-12
255,nm0000147,2014-03-09,2014-03-09,,Colin Firth,A Single Man,1960-09-10
256,nm0004937,2014-03-09,2014-03-09,,Jamie Foxx,Ray,1967-12-13
257,nm0004778,2014-03-09,2014-03-09,,Adrien Brody,The Pianist,1973-04-14
258,nm0000905,2014-03-09,2014-03-09,,Roberto Benigni,La vita � bella,1952-10-27
259,nm0000460,2014-03-09,2014-03-09,,Jeremy Irons,Dead Ringers,1948-09-19
260,nm0000719,2014-03-09,2014-03-09,,F. Murray Abraham,The Grand Budapest Hotel,1939-10-24
261,nm0000377,2014-03-09,2014-03-09,,Richard Dreyfuss,The Goodbye Girl,1947-10-29
262,nm0002075,2014-03-09,2014-03-09,,Peter Finch,Network,1916-09-28
263,nm0138770,2014-03-09,2014-03-09,,Art Carney,Firestarter,1918-11-04
264,nm0731772,2014-03-09,2014-03-09,,Cliff Robertson,Spider-Man,1923-09-09
265,nm0001511,2014-03-09,2014-03-09,,Lee Marvin,The Dirty Dozen,1924-02-19
266,nm0001322,2014-03-09,2014-03-09,,Rex Harrison,My Fair Lady,1908-03-05
267,nm0000063,2014-03-10,2014-03-10,,Anthony Quinn,Alexis Zorbas,1915-04-21
268,nm0001703,2014-03-09,2014-03-09,,Maximilian Schell,Judgment at Nuremberg,1930-12-08
269,nm0362766,2014-03-09,2014-03-09,,Tom Hardy,Inception,1977-09-15
270,nm0000057,2014-03-09,2014-03-09,,David Niven,Murder by Death,1910-03-01
271,nm0000458,2014-03-09,2014-03-09,,William Hurt,A History of Violence,1950-03-20
272,nm0000989,2014-03-09,2014-03-09,,Yul Brynner,The Ten Commandments,1920-07-11
273,nm0000308,2014-03-09,2014-03-09,,Ernest Borgnine,Marty,1917-01-24
274,nm1212722,2014-03-09,2014-03-09,,Benedict Cumberbatch,The Imitation Game,1976-07-19
275,nm0001768,2014-03-09,2014-03-09,,Rod Steiger,In the Heat of the Night,1925-04-14
276,nm1631269,2014-03-09,2014-03-09,,Chlo� Grace Moretz,Let Me In,1997-02-10
277,nm0447695,2014-03-09,2014-03-09,,Anna Kendrick,Up in the Air,1985-08-09
278,nm0001833,2014-03-09,2014-03-09,,Emily Watson,Gosford Park,1967-01-14
279,nm0000307,2014-03-09,2014-03-09,,Helena Bonham Carter,Sweeney Todd: The Demon Barber of Fleet Street,1966-05-26
280,nm0461136,2014-03-09,2014-03-09,,Keira Knightley,Pirates of the Caribbean: The Curse of the Black Pearl,1985-03-26
281,nm0005490,2014-03-09,2014-03-09,,Alexis Thorpe,The Man from Earth,1980-04-19
282,nm0203836,2014-03-09,2014-03-09,,Marion Davies,Going Hollywood,1897-01-03
283,nm0424060,2014-03-09,2014-03-09,,Scarlett Johansson,Her,1984-11-22
284,nm0266824,2014-03-09,2014-03-09,,Dakota Fanning,War of the Worlds,1994-02-23
285,nm0000098,2014-03-09,2014-03-09,,Jennifer Aniston,Friends,1969-02-11
286,nm0000124,2014-03-09,2014-03-09,,Jennifer Connelly,A Beautiful Mind,1970-12-12
287,nm1046097,2014-03-09,2014-03-09,,Rachel McAdams,The Notebook,1978-11-17
288,nm1659547,2014-03-09,2014-03-09,,Carey Mulligan,Never Let Me Go,1985-05-28
289,nm0005109,2014-03-09,2014-03-09,,Mila Kunis,Black Swan,1983-08-14
290,nm1086543,2014-03-09,2014-03-09,,Amanda Seyfried,Les Mis�rables,1985-12-03
291,nm0000182,2014-03-09,2014-03-09,,Jennifer Lopez,Gigli,1969-07-24
292,nm0000117,2014-03-09,2014-03-09,,Neve Campbell,Scream,1973-10-03
293,nm0000103,2014-03-09,2014-03-09,,Fairuza Balk,The Craft,1974-05-21
294,nm0004695,2014-03-09,2014-03-09,,Jessica Alba,Fantastic Four,1981-04-28
295,nm0829576,2014-03-09,2014-03-09,,Kristen Stewart,The Twilight Saga: Breaking Dawn - Part 1,1990-04-09
296,nm0910278,2014-03-09,2014-03-09,,Julie Walters,Billy Elliot,1950-02-22
297,nm1913734,2014-03-09,2014-03-09,,Rooney Mara,Carol,1985-04-17
298,nm0000130,2014-03-09,2014-03-09,,Jamie Lee Curtis,True Lies,1958-11-22
299,nm1297015,2014-03-09,2014-03-09,,Emma Stone,La La Land,1988-11-06
300,nm0000379,2014-03-09,2014-03-09,,Kirsten Dunst,Spider-Man,1982-04-30
301,nm0001207,2014-03-09,2014-03-09,,Jos� Ferrer,Dune,1912-01-08
302,nm0002024,2014-03-09,2014-03-09,,Broderick Crawford,All the King's Men,1911-12-09
303,nm0172903,2014-03-09,2014-03-09,,Ronald Colman,Random Harvest,1891-02-09
304,nm0545298,2014-03-09,2014-03-09,,Fredric March,The Best Years of Our Lives,1897-08-31
305,nm0001537,2014-03-09,2014-03-09,,Ray Milland,The Lost Weekend,1907-01-03
306,nm0001078,2014-03-09,2014-03-09,,Bing Crosby,White Christmas,1903-05-02
307,nm0510134,2014-03-09,2014-03-09,,Paul Lukas,Watch on the Rhine,1891-05-26
308,nm0232196,2014-03-09,2014-03-09,,Robert Donat,The 39 Steps,1905-03-18
309,nm0612847,2014-03-09,2014-03-09,,Paul Muni,Scarface: The Shame of the Nation,1895-09-22
310,nm0572142,2014-03-09,2014-03-09,,Victor McLaglen,The Quiet Man,1886-12-10
311,nm0001452,2014-03-09,2014-03-09,,Charles Laughton,Witness for the Prosecution,1899-07-01
312,nm0000891,2014-03-09,2014-03-09,,Wallace Beery,Dinner at Eight,1885-04-01
313,nm0000859,2014-03-10,2014-03-10,,Lionel Barrymore,Key Largo,1878-04-28
314,nm0000156,2014-03-10,2014-03-10,,Jeff Goldblum,Jurassic Park,1952-10-22
315,nm1165110,2014-03-09,2014-03-09,,Chris Hemsworth,The Avengers,1983-08-11
316,nm0062828,2014-03-10,2014-03-10,,Warner Baxter,Penthouse,1889-03-29
317,nm0417837,2014-03-10,2014-03-10,,Emil Jannings,The Last Command,1884-07-23
318,nm0177933,2014-03-10,2014-03-10,,Chris Cooper,Adaptation.,1951-07-09
319,nm0000980,2014-03-10,2014-03-10,,Jim Broadbent,Moulin Rouge!,1949-05-24
320,nm0000336,2014-03-10,2014-03-10,,James Coburn,The Great Escape,1928-08-31
321,nm0000421,2014-03-10,2014-03-10,,Cuba Gooding Jr.,Jerry Maguire,1968-01-02
322,nm0001445,2014-03-10,2014-03-10,,Martin Landau,Ed Wood,1928-06-20
323,nm0001588,2014-03-10,2014-03-10,,Jack Palance,City Slickers,1920-02-18
324,nm0000177,2014-03-10,2014-03-10,,Kevin Kline,Wild Wild West,1947-10-24
325,nm0000747,2014-03-10,2014-03-10,,Don Ameche,Cocoon,1908-05-31
326,nm0000295,2014-03-10,2014-03-10,,Kate Beckinsale,Underworld: Evolution,1973-07-26
327,nm0221046,2014-03-10,2014-03-10,,Zooey Deschanel,New Girl,1980-01-17
328,nm0931329,2014-03-10,2014-03-10,,Michelle Williams,Blue Valentine,1980-09-09
329,nm0000170,2014-03-10,2014-03-10,,Milla Jovovich,The Fifth Element,1975-12-17
330,nm1411125,2014-03-10,2014-03-10,,Selena Gomez,Monte Carlo,1992-07-22
331,nm0001838,2014-03-10,2014-03-10,,Rachel Weisz,The Constant Gardener,1970-03-07
332,nm0068338,2014-03-10,2014-03-10,,Kristen Bell,Frozen,1980-07-18
333,nm0001337,2014-03-10,2014-03-10,,Katherine Heigl,One for the Money,1978-11-24
334,nm0000239,2014-03-10,2014-03-10,,Liv Tyler,Armageddon,1977-07-01
335,nm1567113,2014-03-10,2014-03-10,,Jessica Chastain,Zero Dark Thirty,1977-03-24
336,nm1083271,2014-03-10,2014-03-10,,Megan Fox,Transformers,1986-05-16
337,nm0924508,2014-03-10,2014-03-10,,Betty White,The Proposal,1922-01-17
338,nm0656183,2014-03-10,2014-03-10,,Geraldine Page,The Trip to Bountiful,1924-11-22
339,nm0244630,2014-03-10,2014-03-10,,Eliza Dushku,Bring It On,1980-12-30
340,nm0000705,2014-03-10,2014-03-10,,Robin Wright,Forrest Gump,1966-04-08
341,nm1015262,2014-03-10,2014-03-10,,Leighton Meester,Gossip Girl,1986-04-09
342,nm0428354,2014-03-09,2014-03-09,,Jennifer Jones,The Towering Inferno,1919-03-02
343,nm0000073,2014-03-10,2014-03-10,,Shirley Temple,Captain January,1928-04-23
344,nm0000506,2014-03-10,2014-03-10,,Julia Louis-Dreyfus,Seinfeld,1961-01-13
345,nm1880888,2014-03-10,2014-03-10,,Olivia Thirlby,Juno,1986-10-06
346,nm0000333,2014-03-10,2014-03-10,,Cher,Moonstruck,1946-05-20
347,nm0000651,2014-03-09,2014-03-09,,Sissy Spacek,In the Bedroom,1949-12-25
348,nm0001221,2014-03-10,2014-03-10,,Louise Fletcher,One Flew Over the Cuckoo's Nest,1934-07-22
349,nm0001046,2014-03-10,2014-03-10,,Julie Christie,Doctor Zhivago,1940-04-14
350,nm0623658,2014-03-10,2014-03-10,,Patricia Neal,The Day the Earth Stood Still,1926-01-20
351,nm0628955,2014-03-10,2014-03-10,,Haing S. Ngor,The Killing Fields,1940-03-22
352,nm0001283,2014-03-10,2014-03-10,,Louis Gossett Jr.,An Officer and a Gentleman,1936-05-27
353,nm0000024,2014-03-10,2014-03-10,,John Gielgud,Arthur,1904-04-14
354,nm0000459,2014-03-10,2014-03-10,,Timothy Hutton,Ordinary People,1960-08-16
355,nm0002048,2014-03-10,2014-03-10,,Melvyn Douglas,Being There,1901-04-05
356,nm0001673,2014-03-10,2014-03-10,,Jason Robards,All the President's Men,1922-07-26
357,nm0122675,2014-03-10,2014-03-10,,George Burns,"Oh, God!",1896-01-20
358,nm0000288,2014-03-09,2014-03-09,,Christian Bale,The Dark Knight,1974-01-30
359,nm0000160,2014-03-10,2014-03-10,,Ethan Hawke,Training Day,1970-11-06
360,nm0424565,2014-03-10,2014-03-10,,Ben Johnson,The Last Picture Show,1918-06-13
361,nm0590055,2014-03-10,2014-03-10,,John Mills,The Family Way,1908-02-22
362,nm0016776,2014-03-10,2014-03-10,,Jack Albertson,Willy Wonka & the Chocolate Factory,1907-06-16
363,nm0000576,2014-03-09,2014-03-09,,Sean Penn,Mystic River,1960-08-17
364,nm0001421,2014-03-10,2014-03-10,,George Kennedy,Cool Hand Luke,1925-02-18
365,nm0000527,2014-03-10,2014-03-10,,Walter Matthau,The Odd Couple,1920-10-01
366,nm0000842,2014-03-10,2014-03-10,,Martin Balsam,All the President's Men,1919-11-04
367,nm0001811,2014-03-10,2014-03-10,,Peter Ustinov,Spartacus,1921-04-16
368,nm0003225,2014-03-10,2014-03-10,,Ed Begley,12 Angry Men,1901-03-25
369,nm0001995,2014-03-10,2014-03-10,,George Chakiris,West Side Story,1934-09-16
370,nm0341518,2014-03-10,2014-03-10,,Hugh Griffith,Ben-Hur,1912-05-30
371,nm0412322,2014-03-10,2014-03-10,,Burl Ives,The Big Country,1909-06-14
372,nm0000999,2014-03-10,2014-03-10,,Red Buttons,The Poseidon Adventure,1919-02-05
373,nm0639529,2014-03-10,2014-03-10,,Edmond O'Brien,The Man Who Shot Liberty Valance,1915-09-10
374,nm0695435,2015-03-08,2015-03-08,,Chris Pratt,Guardians of the Galaxy,1979-06-21
375,nm0000069,2014-03-10,2014-03-10,,Frank Sinatra,From Here to Eternity,1915-12-12
376,nm0000843,2014-03-10,2014-03-10,,Anne Bancroft,The Graduate,1931-09-17
377,nm0001571,2014-03-10,2014-03-10,,Kim Novak,Vertigo,1933-02-13
378,nm0797531,2014-03-10,2014-03-10,,Simone Signoret,Les diaboliques,1921-03-25
379,nm0680983,2014-03-10,2014-03-10,,Ellen Page,Juno,1987-02-21
380,nm0001450,2017-09-16,2017-09-16,,Angela Lansbury,The Manchurian Candidate,1925-10-16
381,nm0391062,2014-03-10,2014-03-10,,Judy Holliday,Born Yesterday,1921-06-21
382,nm0949835,2014-03-10,2014-03-10,,Loretta Young,The Farmer's Daughter,1913-01-06
383,nm0429250,2014-03-10,2014-03-10,,Shirley Jones,The Music Man,1934-03-31
384,nm0267812,2014-03-10,2014-03-10,,Vera Farmiga,Up in the Air,1973-08-06
385,nm0371040,2014-03-10,2014-03-10,,Helen Hayes,Airport,1900-10-10
386,nm0237597,2014-03-10,2014-03-10,,Marie Dressler,Min and Bill,1868-11-09
387,nm0310980,2014-03-10,2014-03-10,,Janet Gaynor,A Star Is Born,1906-10-06
388,nm2143282,2014-03-10,2014-03-10,,Lupita Nyong'o,12 Years a Slave,1983-03-01
389,nm0818055,2014-03-10,2014-03-10,,Octavia Spencer,Hidden Figures,1972-05-25
390,nm0502425,2014-03-10,2014-03-10,,Melissa Leo,The Fighter,1960-09-14
391,nm0594898,2014-03-10,2014-03-10,,Mo'Nique,Precious,1967-12-11
392,nm0559144,2014-03-10,2014-03-10,,Marlee Matlin,Children of a Lesser God,1965-08-24
393,nm0842770,2014-03-10,2014-03-10,,Tilda Swinton,We Need to Talk About Kevin,1960-11-05
394,nm1617685,2014-03-10,2014-03-10,,Jennifer Hudson,Dreamgirls,1981-09-12
395,nm0000250,2014-03-10,2014-03-10,,Ren�e Zellweger,Chicago,1969-04-25
396,nm0001315,2014-03-10,2014-03-10,,Marcia Gay Harden,Mystic River,1959-08-14
397,nm0001593,2014-03-10,2014-03-10,,Anna Paquin,The Piano,1982-07-24
398,nm0000673,2014-03-10,2014-03-10,,Marisa Tomei,My Cousin Vinny,1964-12-04
399,nm0001689,2014-03-10,2014-03-10,,Mercedes Ruehl,The Fisher King,1948-02-28
400,nm0002084,2014-03-10,2014-03-10,,Brenda Fricker,My Left Foot: The Story of Christy Brown,1945-02-17
401,nm0000606,2016-06-18,2016-06-18,,Jean Reno,L�on,1948-07-30
402,nm0001695,2014-03-10,2014-03-10,,George Sanders,All About Eve,1906-07-03
403,nm0415591,2014-03-10,2014-03-10,,Dean Jagger,White Christmas,1903-11-07
404,nm0404158,2014-03-10,2014-03-10,,Walter Huston,The Treasure of the Sierra Madre,1883-04-05
405,nm0350324,2014-03-10,2014-03-10,,Edmund Gwenn,Miracle on 34th Street,1877-09-26
406,nm0751174,2014-03-10,2014-03-10,,Harold Russell,The Best Years of Our Lives,1914-01-14
407,nm0000424,2014-03-10,2014-03-10,,Hugh Grant,Love Actually,1960-09-09
408,nm0280178,2014-03-10,2014-03-10,,Barry Fitzgerald,The Quiet Man,1888-03-10
409,nm0002013,2014-03-10,2014-03-10,,Charles Coburn,The More the Merrier,1877-06-19
410,nm0001336,2014-03-10,2014-03-10,,Van Heflin,Shane,1908-12-13
411,nm0187981,2014-03-10,2014-03-10,,Donald Crisp,How Green Was My Valley,1882-07-27
412,nm0593775,2014-03-10,2014-03-10,,Thomas Mitchell,Stagecoach,1892-07-11
413,nm0000974,2014-03-10,2014-03-10,,Walter Brennan,Red River,1894-07-25
414,nm0771584,2014-03-10,2014-03-10,,Joseph Schildkraut,The Diary of Anne Frank,1896-03-22
415,nm0000206,2014-03-10,2014-03-10,,Keanu Reeves,The Matrix,1964-09-02
416,nm1475594,2014-03-10,2014-03-10,,Channing Tatum,21 Jump Street,1980-04-26
417,nm0413168,2014-03-10,2014-03-10,,Hugh Jackman,Les Mis�rables,1968-10-12
418,nm0425005,2014-03-10,2014-03-10,,Dwayne Johnson,Jumanji: Welcome to the Jungle,1972-05-02
419,nm0001191,2014-03-10,2014-03-10,,Adam Sandler,The Waterboy,1966-09-09
420,nm0705356,2014-03-10,2014-03-10,,Daniel Radcliffe,Harry Potter and the Deathly Hallows: Part 2,1989-07-23
421,nm0185819,2014-03-10,2014-03-10,,Daniel Craig,Casino Royale,1968-03-02
422,nm0147147,2014-03-09,2014-03-09,,Henry Cavill,Man of Steel,1983-05-05
423,nm0004874,2014-03-10,2014-03-10,,Vin Diesel,Guardians of the Galaxy,1967-07-18
424,nm0000255,2014-03-10,2014-03-10,,Ben Affleck,Argo,1972-08-15
425,nm1517976,2014-03-10,2014-03-10,,Chris Pine,Star Trek,1980-08-26
426,nm0001156,2014-03-10,2014-03-10,,Olympia Dukakis,Moonstruck,1931-06-20
427,nm0001919,2014-03-10,2014-03-10,,Peggy Ashcroft,A Passage to India,1907-12-22
428,nm0001373,2014-03-10,2014-03-10,,Linda Hunt,The Year of Living Dangerously,1945-04-02
429,nm0822972,2014-03-10,2014-03-10,,Maureen Stapleton,Reds,1925-06-21
430,nm0005460,2014-03-10,2014-03-10,,Mary Steenburgen,Last Vegas,1953-02-08
431,nm0833152,2014-03-10,2014-03-10,,Beatrice Straight,Network,1914-08-02
432,nm0000603,2014-03-10,2014-03-10,,Vanessa Redgrave,Atonement,1937-01-30
433,nm0335519,2014-03-10,2014-03-10,,Lee Grant,In the Heat of the Night,1925-10-31
434,nm0373012,2014-03-10,2014-03-10,,Eileen Heckart,The Bad Seed,1919-03-29
435,nm0001458,2014-03-10,2014-03-10,,Cloris Leachman,The Last Picture Show,1926-04-30
436,nm0002106,2014-03-10,2014-03-10,,Ruth Gordon,Rosemary's Baby,1896-10-30
437,nm0663820,2014-03-10,2014-03-10,,Estelle Parsons,Bonnie and Clyde,1927-11-20
438,nm0006800,2014-03-10,2014-03-10,,Sandy Dennis,Who's Afraid of Virginia Woolf?,1937-04-27
439,nm0001859,2014-03-10,2014-03-10,,Shelley Winters,The Poseidon Adventure,1920-08-18
440,nm0350454,2014-03-10,2014-03-10,,Maggie Gyllenhaal,Secretary,1977-11-16
441,nm0005017,2014-03-10,2014-03-10,,Katie Holmes,Batman Begins,1978-12-18
442,nm0001157,2014-03-10,2014-03-10,,Patty Duke,Valley of the Dolls,1946-12-14
443,nm0001549,2014-03-10,2014-03-10,,Rita Moreno,West Side Story,1931-12-11
444,nm0384908,2014-03-10,2014-03-10,,Wendy Hiller,Murder on the Orient Express,1912-08-15
445,nm0880855,2014-03-10,2014-03-10,,Miyoshi Umeki,Sayonara,1929-05-08
446,nm0540416,2014-03-10,2014-03-10,,Dorothy Malone,Written on the Wind,1924-01-29
447,nm0886888,2014-03-10,2014-03-10,,Jo Van Fleet,East of Eden,1915-12-29
448,nm0001693,2014-03-10,2014-03-10,,Eva Marie Saint,On the Waterfront,1924-07-04
449,nm0002108,2014-03-10,2014-03-10,,Gloria Grahame,The Bad and the Beautiful,1923-11-28
450,nm0001375,2014-03-10,2014-03-10,,Kim Hunter,A Streetcar Named Desire,1922-11-12
451,nm0002011,2019-04-12,2019-04-12,,Lee J. Cobb,12 Angry Men,1911-12-08
452,nm1940449,2014-03-10,2014-03-10,,Andrew Garfield,The Social Network,1983-08-20
453,nm0001030,2019-04-12,2019-04-12,,John Cazale,Dog Day Afternoon,1935-08-12
454,nm0719637,2014-03-10,2014-03-10,,Jeremy Renner,The Hurt Locker,1971-01-07
455,nm0136797,2014-03-10,2014-03-10,,Steve Carell,The Office,1962-08-16
456,nm0241121,2014-03-09,2014-03-09,,Jean Dujardin,The Artist,1972-06-19
457,nm0262635,2014-03-10,2014-03-10,,Chris Evans,The Avengers,1981-06-13
458,nm0290556,2014-03-10,2014-03-10,,James Franco,127 Hours,1978-04-19
459,nm0302108,2014-03-10,2014-03-10,,Zach Galifianakis,The Hangover,1969-10-01
460,nm0002071,2014-03-10,2014-03-10,,Will Ferrell,Talladega Nights: The Ballad of Ricky Bobby,1967-07-16
461,nm0479471,2014-03-10,2014-03-10,,Shia LaBeouf,Honey Boy,1986-06-11
462,nm0736622,2014-03-10,2014-03-10,,Seth Rogen,This Is the End,1982-04-15
463,nm0330687,2014-03-10,2014-03-10,,Joseph Gordon-Levitt,Inception,1981-02-17
464,nm0005351,2014-03-10,2014-03-10,,Ryan Reynolds,Deadpool 2,1976-10-23
465,nm0748620,2014-03-10,2014-03-10,,Paul Rudd,Ant-Man,1969-04-06
466,nm0781981,2014-03-10,2014-03-10,,Jason Segel,Forgetting Sarah Marshall,1980-01-18
467,nm0005458,2014-03-10,2014-03-10,,Jason Statham,Crank,1967-07-26
468,nm0001813,2016-06-18,2016-06-18,,Dick Van Dyke,Mary Poppins,1925-12-13
469,nm0251986,2014-03-10,2014-03-10,,Jesse Eisenberg,The Social Network,1983-10-05
470,nm0005562,2014-03-10,2014-03-10,,Owen Wilson,The Royal Tenenbaums,1968-11-18
471,nm0000867,2014-03-10,2014-03-10,,Jason Bateman,Arrested Development,1969-01-14
472,nm1347153,2014-03-10,2014-03-10,,Tyler Perry,Diary of a Mad Black Woman,1969-09-14
473,nm2955013,2014-03-10,2014-03-10,,Liam Hemsworth,The Hunger Games,1990-01-13
474,nm0000638,2014-03-10,2014-03-10,,William Shatner,Star Trek V: The Final Frontier,1931-03-22
475,nm0000698,2014-03-09,2014-03-09,,Gene Wilder,Willy Wonka & the Chocolate Factory,1933-06-11
476,nm0000301,2014-03-10,2014-03-10,,Thora Birch,Ghost World,1982-03-11
477,nm0872456,2014-03-10,2014-03-10,,Claire Trevor,Key Largo,1910-03-08
478,nm0002141,2014-03-10,2014-03-10,,Celeste Holm,All About Eve,1917-04-29
479,nm0000879,2014-03-10,2014-03-10,,Anne Baxter,All About Eve,1923-05-07
480,nm0001451,2014-03-10,2014-03-10,,Queen Latifah,Hairspray,1970-03-18
481,nm0000856,2014-03-10,2014-03-10,,Ethel Barrymore,None But the Lonely Heart,1879-08-15
482,nm0206257,2014-03-10,2014-03-10,,Rosario Dawson,Rent,1979-05-09
483,nm0942863,2014-03-10,2014-03-10,,Teresa Wright,Shadow of a Doubt,1918-10-27
484,nm0000802,2014-03-10,2014-03-10,,Mary Astor,The Maltese Falcon,1906-05-03
485,nm0002034,2014-03-10,2014-03-10,,Jane Darwell,The Grapes of Wrath,1879-10-15
486,nm2539953,2016-06-18,2016-06-18,,Alicia Vikander,Ex Machina,1988-10-03
487,nm1985859,2014-03-10,2014-03-10,,Mia Wasikowska,Alice in Wonderland,1989-10-25
488,nm1113550,2014-03-10,2014-03-10,,Abigail Breslin,Little Miss Sunshine,1996-04-14
489,nm0814216,2014-03-10,2014-03-10,,Gale Sondergaard,The Mark of Zorro,1899-02-15
490,nm0565250,2014-03-10,2014-03-10,,Melissa McCarthy,The Heat,1970-08-26
491,nm0275486,2014-03-10,2014-03-10,,Tina Fey,30 Rock,1970-05-18
492,nm0757855,2014-03-10,2014-03-10,,Zoe Saldana,Avatar,1978-06-19
493,nm0005253,2014-03-10,2014-03-10,,Elisabeth Moss,The One I Love,1982-07-24
494,nm1597316,2014-03-10,2014-03-10,,Adrianne Palicki,G.I. Joe: Retaliation,1983-05-06
495,nm0004950,2014-03-10,2014-03-10,,Jennifer Garner,Alias,1972-04-17
496,nm1325419,2014-03-10,2014-03-10,,Kristen Wiig,Bridesmaids,1973-08-22
497,nm0820053,2014-03-10,2014-03-10,,June Squibb,Nebraska,1929-11-06
498,nm1020089,2014-03-10,2014-03-10,,Sally Hawkins,The Shape of Water,1976-04-27
499,nm0192505,2014-03-10,2014-03-10,,Kaley Cuoco,The Big Bang Theory,1985-11-30
500,nm0915208,2014-03-10,2014-03-10,,Naomi Watts,Mulholland Dr.,1968-09-28
501,nm1500155,2019-03-19,2019-03-19,,Robert Pattinson,Twilight,1986-05-13
502,nm0402271,2014-03-10,2014-03-10,,Charlie Hunnam,Sons of Anarchy,1980-04-10
503,nm0396558,2014-03-10,2014-03-10,,Nicholas Hoult,Mad Max: Fury Road,1989-12-07
504,nm1093951,2014-03-10,2014-03-10,,Aaron Taylor-Johnson,Kick-Ass,1990-06-13
505,nm0186505,2014-03-10,2014-03-10,,Bryan Cranston,Breaking Bad,1956-03-07
506,nm0124930,2014-03-10,2014-03-10,,Gerard Butler,300,1969-11-13
507,nm0908094,2014-03-10,2014-03-10,,Paul Walker,The Fast and the Furious,1973-09-12
508,nm0881631,2014-03-10,2014-03-10,,Karl Urban,Star Trek,1972-06-07
509,nm0503567,2014-03-10,2014-03-10,,Logan Lerman,The Perks of Being a Wallflower,1992-01-19
510,nm2002649,2014-03-10,2014-03-10,,Dave Franco,Neighbors,1985-06-12
511,nm1089991,2014-03-10,2014-03-10,,Tom Hiddleston,The Avengers,1981-02-09
512,nm0227759,2014-03-10,2014-03-10,,Peter Dinklage,Game of Thrones,1969-06-11
513,nm2018237,2014-03-10,2014-03-10,,Taylor Kitsch,X-Men Origins: Wolverine,1981-04-08
514,nm0001570,2019-04-12,2019-04-12,,Edward Norton,Keeping the Faith,1969-08-18
515,nm0001602,2014-03-10,2014-03-10,,Guy Pearce,Memento,1967-10-05
516,nm0749263,2014-03-10,2014-03-10,,Mark Ruffalo,The Kids Are All Right,1967-11-22
517,nm0000620,2014-03-10,2014-03-10,,Mickey Rourke,The Wrestler,1952-09-16
518,nm0001449,2014-03-10,2014-03-10,,Frank Langella,Frost/Nixon,1938-01-01
519,nm1519666,2015-03-08,2015-03-08,,Eddie Redmayne,Les Mis�rables,1982-01-06
520,nm0000657,2014-03-10,2014-03-10,,David Strathairn,"Good Night, and Good Luck.",1949-01-26
521,nm0005024,2014-03-10,2014-03-10,,Terrence Howard,Hustle & Flow,1969-03-11
522,nm0000146,2014-03-09,2014-03-09,,Ralph Fiennes,The Grand Budapest Hotel,1962-12-22
523,nm0929489,2014-03-10,2014-03-10,,Tom Wilkinson,Michael Clayton,1948-02-05
524,nm0002070,2014-03-10,2014-03-10,,Richard Farnsworth,The Straight Story,1920-09-01
525,nm0000560,2014-03-10,2014-03-10,,Nick Nolte,Warrior,1941-02-08
526,nm1455681,2014-03-10,2014-03-10,,AnnaSophia Robb,Bridge to Terabithia,1993-12-08
527,nm2605345,2014-03-10,2014-03-10,,Gemma Arterton,Prince of Persia: The Sands of Time,1986-02-02
528,nm1312575,2014-03-10,2014-03-10,,Olivia Wilde,Tron,1984-03-10
529,nm0279545,2014-03-10,2014-03-10,,Isla Fisher,Wedding Crashers,1976-02-03
530,nm0940362,2014-03-10,2014-03-10,,Shailene Woodley,Divergent,1991-11-15
531,nm2313103,2014-03-10,2014-03-10,,Rebel Wilson,Pitch Perfect,1980-03-02
532,nm0731075,2014-03-10,2014-03-10,,Emma Roberts,We're the Millers,1991-02-10
533,nm1720028,2014-03-10,2014-03-10,,Amber Heard,Aquaman,1986-04-22
534,nm1954240,2014-03-10,2014-03-10,,Teresa Palmer,Lights Out,1986-02-26
535,nm1519680,2014-03-10,2014-03-10,,Saoirse Ronan,Hanna,1994-04-12
536,nm0006969,2014-03-10,2014-03-10,,Elizabeth Banks,The Hunger Games,1974-02-10
537,nm0526946,2017-09-16,2017-09-16,,Ida Lupino,High Sierra,1918-02-04
538,nm1754059,2014-03-10,2014-03-10,,Natalie Dormer,Game of Thrones,1982-02-11
539,nm0811242,2014-03-10,2014-03-10,,Brittany Snow,Pitch Perfect,1986-03-09
540,nm0544718,2014-03-10,2014-03-10,,Kate Mara,Fantastic Four,1983-02-27
541,nm2584600,2014-03-10,2014-03-10,,Julianne Hough,Rock of Ages,1988-07-20
542,nm2934314,2014-03-10,2014-03-10,,Lily Collins,The Mortal Instruments: City of Bones,1989-03-18
543,nm1130627,2014-03-10,2014-03-10,,Cobie Smulders,The Avengers,1982-04-03
544,nm1404408,2014-03-10,2014-03-10,,Alice Eve,Before We Go,1982-02-06
545,nm1512166,2014-03-10,2014-03-10,,Jamie Chung,Big Hero 6,1983-04-10
546,nm0636426,2014-03-10,2014-03-10,,Noomi Rapace,M�n som hatar kvinnor,1979-12-28
547,nm0515116,2014-03-10,2014-03-10,,Blake Lively,Gossip Girl,1987-08-25
548,nm1192254,2014-03-10,2014-03-10,,Maggie Grace,Taken,1983-09-21
549,nm0004754,2014-03-10,2014-03-10,,Jessica Biel,The Illusionist,1982-03-03
550,nm1200692,2014-03-10,2014-03-10,,Eva Green,Casino Royale,1980-07-06
551,nm0001228,2014-03-10,2014-03-10,,Peter Fonda,Easy Rider,1940-02-23
552,nm0000437,2014-03-10,2014-03-10,,Woody Harrelson,True Detective,1961-07-23
553,nm0000671,2014-03-10,2014-03-10,,Billy Bob Thornton,Sling Blade,1955-08-04
554,nm0252961,2014-03-10,2014-03-10,,Idris Elba,Beasts of No Nation,1972-09-06
555,nm0001329,2014-03-10,2014-03-10,,Nigel Hawthorne,The Madness of King George,1929-04-05
556,nm0000401,2014-03-10,2014-03-10,,Laurence Fishburne,The Matrix,1961-07-30
557,nm0001653,2014-03-10,2014-03-10,,Stephen Rea,The Crying Game,1946-10-31
558,nm0000886,2014-03-10,2014-03-10,,Warren Beatty,Bonnie and Clyde,1937-03-30
559,nm0001321,2014-03-10,2014-03-10,,Richard Harris,Gladiator,1930-10-01
560,nm0000131,2014-03-09,2014-03-09,,John Cusack,Grosse Pointe Blank,1966-06-28
561,nm0000110,2014-03-10,2014-03-10,,Kenneth Branagh,Henry V,1960-12-10
562,nm0001579,2014-03-10,2014-03-10,,Edward James Olmos,Battlestar Galactica,1947-02-24
563,nm0001884,2014-03-10,2014-03-10,,Max von Sydow,Flash Gordon,1929-04-10
564,nm0001136,2015-04-03,2015-04-03,,Bruce Dern,Nebraska,1936-06-04
565,nm0001364,2014-03-10,2014-03-10,,Bob Hoskins,The Long Good Friday,1942-10-26
566,nm0000249,2014-03-10,2014-03-10,,James Woods,Vampires,1947-04-18
567,nm0370035,2014-03-10,2014-03-10,,John Hawkes,The Sessions,1959-09-11
568,nm0001258,2014-03-10,2014-03-10,,James Garner,The Notebook,1928-04-07
569,nm0001832,2014-03-10,2014-03-10,,Sam Waterston,Law & Order,1940-11-15
570,nm0001371,2014-03-10,2014-03-10,,Tom Hulce,Amadeus,1953-12-06
571,nm0001215,2014-03-10,2014-03-10,,Albert Finney,Erin Brockovich,1936-05-09
572,nm0002018,2014-03-10,2014-03-10,,Tom Conti,Merry Christmas Mr. Lawrence,1941-11-22
573,nm0183822,2014-03-10,2014-03-10,,Tom Courtenay,45 Years,1937-02-25
574,nm0001545,2014-03-10,2014-03-10,,Dudley Moore,Arthur,1935-04-19
575,nm0000457,2014-03-10,2014-03-10,,John Hurt,Nineteen Eighty-Four,1940-01-22
576,nm0993507,2014-03-10,2014-03-10,,Kat Dennings,Nick and Norah's Infinite Playlist,1986-06-13
577,nm1231899,2017-09-16,2017-09-16,,Priyanka Chopra,Baywatch,1982-07-18
578,nm0728938,2014-03-10,2014-03-10,,Emmanuelle Riva,Amour,1927-02-24
579,nm1950086,2014-03-10,2014-03-10,,Greta Gerwig,Lady Bird,1983-08-04
580,nm0488953,2014-03-10,2014-03-10,,Brie Larson,Room,1989-10-01
581,nm1140300,2014-03-10,2014-03-10,,Jessica Lucas,Cloverfield,1985-09-24
582,nm0266029,2014-03-10,2014-03-10,,Maria Falconetti,La passion de Jeanne d'Arc,1892-07-21
583,nm0002093,2014-03-09,2014-03-09,,Greer Garson,Mrs. Miniver,1904-09-29
584,nm0751426,2014-03-10,2014-03-10,,Rosalind Russell,His Girl Friday,1907-06-04
585,nm0000079,2014-03-09,2014-03-09,,Raquel Welch,The Three Musketeers,1940-09-05
586,nm0000400,2014-03-10,2014-03-10,,Linda Fiorentino,The Last Seduction,1958-03-09
587,nm2829737,2014-03-10,2014-03-10,,Gabourey Sidibe,Precious,1983-05-06
588,nm0001114,2014-03-09,2014-03-09,,Judy Davis,Husbands and Wives,1955-04-23
589,nm0001201,2014-03-10,2014-03-10,,Mia Farrow,Rosemary's Baby,1945-02-09
590,nm0851582,2014-03-10,2014-03-10,,Audrey Tautou,Le fabuleux destin d'Am�lie Poulain,1976-08-09
591,nm0603402,2014-03-10,2014-03-10,,Jeanne Moreau,Jules et Jim,1928-01-23
592,nm0943837,2014-03-09,2014-03-09,,Jane Wyman,Falcon Crest,1917-01-05
593,nm0001687,2014-03-10,2014-03-10,,Gena Rowlands,The Notebook,1930-06-19
594,nm0544334,2014-03-10,2014-03-10,,Lesley Manville,Phantom Thread,1956-03-12
595,nm0647634,2014-03-10,2014-03-10,,Elizabeth Olsen,Martha Marcy May Marlene,1989-02-16
596,nm0000176,2014-03-10,2014-03-10,,Nastassja Kinski,Tess,1961-01-24
597,nm0491259,2014-03-10,2014-03-10,,M�lanie Laurent,Inglourious Basterds,1983-02-21
598,nm0001365,2014-03-10,2014-03-10,,Whitney Houston,The Bodyguard,1963-08-09
599,nm0005031,2014-03-10,2014-03-10,,Felicity Huffman,Transamerica,1962-12-09
600,nm0001767,2014-03-10,2014-03-10,,Imelda Staunton,Harry Potter and the Order of the Phoenix,1956-01-09
601,nm1209966,2014-03-10,2014-03-10,,Oscar Isaac,Ex Machina,1979-03-09
602,nm1417647,2014-03-10,2014-03-10,,Jon Heder,Napoleon Dynamite,1977-10-26
603,nm1886602,2014-03-10,2014-03-10,,Miles Teller,The Spectacular Now,1987-02-20
604,nm0117709,2014-03-10,2014-03-10,,Daniel Br�hl,Good Bye Lenin!,1978-06-16
605,nm0001254,2014-03-10,2014-03-10,,James Gandolfini,The Sopranos,1961-09-18
606,nm0430107,2014-03-10,2014-03-10,,Michael B. Jordan,Black Panther,1987-02-09
607,nm0000578,2014-03-10,2014-03-10,,Anthony Perkins,Psycho,1932-04-04
608,nm0000667,2014-03-10,2014-03-10,,David Thewlis,Naked,1963-03-20
609,nm0001428,2014-03-10,2014-03-10,,Klaus Kinski,Nosferatu: Phantom der Nacht,1926-10-18
610,nm0000532,2014-03-10,2014-03-10,,Malcolm McDowell,A Clockwork Orange,1943-06-13
611,nm0935653,2014-03-10,2014-03-10,,Ray Winstone,The Departed,1957-02-19
612,nm0000901,2014-03-10,2014-03-10,,Jean-Paul Belmondo,Pierrot le Fou,1933-04-09
613,nm0785227,2014-03-10,2014-03-10,,Andy Serkis,War for the Planet of the Apes,1964-04-20
614,nm0000111,2014-03-10,2014-03-10,,Matthew Broderick,The Producers,1962-03-21
615,nm0000454,2014-03-10,2014-03-10,,Dennis Hopper,Easy Rider,1936-05-17
616,nm0740264,2014-03-10,2014-03-10,,Michael Rooker,Guardians of the Galaxy,1955-04-06
617,nm0001252,2014-03-10,2014-03-10,,Vincent Gallo,Buffalo '66,1961-04-11
618,nm0000228,2014-03-09,2014-03-09,,Kevin Spacey,The Usual Suspects,1959-07-26
619,nm0001993,2014-03-10,2014-03-10,,Vincent Cassel,Black Swan,1966-11-23
620,nm0799777,2015-03-08,2015-03-08,,J.K. Simmons,Whiplash,1955-01-09
621,nm0000472,2014-03-10,2014-03-10,,Boris Karloff,Bride of Frankenstein,1887-11-23
622,nm0000048,2014-03-10,2014-03-10,,Peter Lorre,Casablanca,1904-06-26
623,nm0000190,2015-08-13,2015-08-13,,Matthew McConaughey,Dallas Buyers Club,1969-11-04
624,nm0175916,2014-03-10,2014-03-10,,Paddy Considine,Dead Man's Shoes,1973-09-05
625,nm0000202,2014-03-10,2014-03-10,,Ryan Phillippe,Crash,1974-09-10
626,nm0913488,2014-03-10,2014-03-10,,Kerry Washington,Django Unchained,1977-01-31
627,nm0005251,2014-03-10,2014-03-10,,Carrie-Anne Moss,The Matrix,1967-08-21
628,nm0001463,2014-03-10,2014-03-10,,Janet Leigh,Psycho,1927-07-06
629,nm1503432,2014-03-10,2014-03-10,,Catalina Sandino Moreno,Maria Full of Grace,1981-04-19
630,nm0608090,2014-03-10,2014-03-10,,Samantha Morton,Minority Report,1977-05-13
631,nm1095720,2014-03-10,2014-03-10,,Keisha Castle-Hughes,Whale Rider,1990-03-24
632,nm0001766,2014-03-09,2014-03-09,,Barbara Stanwyck,Double Indemnity,1907-07-16
633,nm0000260,2014-03-10,2014-03-10,,Joan Allen,Room,1956-08-20
634,nm0005216,2014-03-10,2014-03-10,,Janet McTeer,Albert Nobbs,1961-08-05
635,nm0005244,2014-03-10,2014-03-10,,Fernanda Montenegro,Central do Brasil,1929-10-16
636,nm0000218,2014-03-10,2014-03-10,,Kristin Scott Thomas,The English Patient,1960-05-24
637,nm0000950,2014-03-10,2014-03-10,,Brenda Blethyn,Pride & Prejudice,1946-02-20
638,nm0000223,2014-03-10,2014-03-10,,Elisabeth Shue,Leaving Las Vegas,1963-10-06
639,nm0001669,2014-03-10,2014-03-10,,Miranda Richardson,The Crying Game,1958-03-03
640,nm0000330,2014-03-10,2014-03-10,,Stockard Channing,Grease,1944-02-13
641,nm0707023,2014-03-09,2014-03-09,,Luise Rainer,The Great Ziegfeld,1910-01-12
642,nm0001521,2014-03-10,2014-03-10,,Mary McDonnell,Battlestar Galactica,1952-04-28
643,nm0000840,2017-09-16,2017-09-16,,Lucille Ball,I Love Lucy,1911-08-06
644,nm0000368,2014-03-10,2014-03-10,,Laura Dern,Jurassic Park,1967-02-10
645,nm0172604,2014-03-10,2014-03-10,,Pauline Collins,Shirley Valentine,1940-09-03
646,nm0000254,2014-03-10,2014-03-10,,Isabelle Adjani,Possession,1955-06-27
647,nm0000429,2014-03-10,2014-03-10,,Melanie Griffith,Working Girl,1957-08-09
648,nm0000476,2014-03-10,2014-03-10,,Sally Kirkland,Anna,1941-10-31
649,nm0000737,2014-03-10,2014-03-10,,Jane Alexander,Kramer vs. Kramer,1939-10-28
650,nm0556850,2014-03-10,2014-03-10,,Marsha Mason,The Goodbye Girl,1942-04-03
651,nm0383603,2014-03-10,2014-03-10,,Freddie Highmore,Finding Neverland,1992-02-14
652,nm0000150,2014-03-10,2014-03-10,,Michael J. Fox,Back to the Future,1961-06-09
653,nm0000237,2014-03-09,2014-03-09,,John Travolta,Pulp Fiction,1954-02-18
654,nm0000334,2016-06-18,2016-06-18,,Yun-Fat Chow,Wo hu cang long,1955-05-18
655,nm0532235,2014-03-10,2014-03-10,,Seth MacFarlane,Family Guy,1973-10-26
656,nm0001472,2014-03-10,2014-03-10,,Jet Li,The One,1963-04-26
657,nm0002144,2014-03-10,2014-03-10,,John Houseman,Three Days of the Condor,1902-09-22
658,nm0001569,2014-03-10,2014-03-10,,Chuck Norris,"Walker, Texas Ranger",1940-03-10
659,nm0000241,2014-03-10,2014-03-10,,Jean-Claude Van Damme,Double Impact,1960-10-18
660,nm0005377,2014-03-10,2014-03-10,,Sam Rockwell,Moon,1968-11-05
661,nm0793766,2014-03-10,2014-03-10,,Takashi Shimura,Shichinin no samurai,1905-03-12
662,nm0001290,2014-03-10,2014-03-10,,Richard E. Grant,Gosford Park,1957-05-05
663,nm0000558,2014-03-10,2014-03-10,,Leslie Nielsen,Airplane!,1926-02-11
664,nm0670408,2014-03-10,2014-03-10,,Simon Pegg,Shaun of the Dead,1970-02-14
665,nm0000518,2014-03-10,2014-03-10,,John Malkovich,In the Line of Fire,1953-12-09
666,nm0788335,2014-03-10,2014-03-10,,Michael Shannon,The Shape of Water,1974-08-07
667,nm0000640,2014-03-10,2014-03-10,,Martin Sheen,The Departed,1940-08-03
668,nm0001302,2014-03-10,2014-03-10,,Christopher Guest,This Is Spinal Tap,1948-02-05
669,nm0000614,2014-03-10,2014-03-10,,Alan Rickman,Die Hard,1946-02-21
670,nm0355097,2014-03-10,2014-03-10,,Jackie Earle Haley,Watchmen,1961-07-14
671,nm0949574,2014-03-10,2014-03-10,,Gig Young,"They Shoot Horses, Don't They?",1913-11-04
672,nm0000652,2014-03-10,2014-03-10,,James Spader,The Blacklist,1960-02-07
673,nm0051509,2014-03-10,2014-03-10,,Eric Bana,Munich,1968-08-09
674,nm0244151,2014-03-10,2014-03-10,,Romain Duris,De battre mon coeur s'est arr�t�,1974-05-28
675,nm0001727,2014-03-10,2014-03-10,,Robert Shaw,A Man for All Seasons,1927-08-09
676,nm0915865,2014-03-10,2014-03-10,,Jacki Weaver,Silver Linings Playbook,1947-05-25
677,nm0067367,2014-03-10,2014-03-10,,B�r�nice Bejo,The Artist,1976-07-07
678,nm2794962,2014-03-10,2014-03-10,,Hailee Steinfeld,True Grit,1996-12-11
679,nm0000492,2016-06-18,2016-06-18,,Jennifer Jason Leigh,The Hateful Eight,1962-02-05
680,nm0000599,2014-03-10,2014-03-10,,Kathleen Quinlan,Apollo 13,1954-11-19
681,nm0378245,2014-03-10,2014-03-10,,Taraji P. Henson,The Curious Case of Benjamin Button,1970-09-11
682,nm0752407,2014-03-10,2014-03-10,,Amy Ryan,Gone Baby Gone,1968-05-03
683,nm0002039,2014-03-10,2014-03-10,,Ruby Dee,American Gangster,1922-10-27
684,nm0001049,2014-03-10,2014-03-10,,Jill Clayburgh,Bridesmaids,1944-04-30
685,nm0056770,2014-03-10,2014-03-10,,Adriana Barraza,Babel,1956-03-05
686,nm0452860,2014-03-10,2014-03-10,,Rinko Kikuchi,Babel,1981-01-06
687,nm0001416,2014-03-10,2014-03-10,,Catherine Keener,Capote,1959-03-23
688,nm0001648,2016-06-18,2016-06-18,,Charlotte Rampling,45 Years,1946-02-05
689,nm0645683,2014-03-10,2014-03-10,,Sophie Okonedo,Hotel Rwanda,1968-08-11
690,nm0165101,2014-03-10,2014-03-10,,Patricia Clarkson,The Green Mile,1959-12-29
691,nm0013037,2014-03-10,2014-03-10,,Shohreh Aghdashloo,House of Sand and Fog,1952-05-11
692,nm0517820,2014-03-10,2014-03-10,,Lindsay Lohan,The Parent Trap,1986-07-02
693,nm0005502,2014-03-10,2014-03-10,,Michelle Trachtenberg,Buffy the Vampire Slayer,1985-10-11
694,nm0001721,2014-03-10,2014-03-10,,Chlo� Sevigny,Boys Don't Cry,1974-11-18
695,nm0001655,2014-03-10,2014-03-10,,Lynn Redgrave,Gods and Monsters,1943-03-08
696,nm0341737,2014-03-10,2014-03-10,,Rachel Griffiths,Muriel's Wedding,1968-12-18
697,nm3053338,2014-03-10,2014-03-10,,Margot Robbie,Suicide Squad,1990-07-02
698,nm0000666,2014-03-10,2014-03-10,,Lili Taylor,American Crime,1967-02-20
699,nm0917848,2014-03-10,2014-03-10,,Robin Weigert,Deadwood,1969-07-07
700,nm1128572,2014-03-10,2014-03-10,,Lake Bell,In a World...,1979-03-24
701,nm0001647,2014-03-10,2014-03-10,,Claude Rains,Casablanca,1889-11-10
702,nm0000114,2014-03-10,2014-03-10,,Steve Buscemi,Fargo,1957-12-13
703,nm0722636,2016-06-18,2016-06-18,,John Rhys-Davies,The Lord of the Rings: The Return of the King,1944-05-05
704,nm0004462,2014-03-10,2014-03-10,,Jean-Louis Trintignant,Amour,1930-12-11
705,nm0001072,2014-03-10,2014-03-10,,Joseph Cotten,The Third Man,1905-05-15
706,nm0001608,2014-03-10,2014-03-10,,Barry Pepper,Saving Private Ryan,1970-04-04
707,nm0002233,2014-03-10,2014-03-10,,Erich von Stroheim,Sunset Blvd.,1885-09-22
708,nm0933940,2016-06-18,2016-06-18,,Patrick Wilson,The Phantom of the Opera,1973-07-03
709,nm0000502,2014-03-10,2014-03-10,,Christopher Lloyd,Back to the Future,1938-10-22
710,nm0004936,2014-03-10,2014-03-10,,Ben Foster,Hell or High Water,1980-10-29
711,nm0566948,2014-03-10,2014-03-10,,Joel McCrea,Sullivan's Travels,1905-11-05
712,nm0158856,2014-03-10,2014-03-10,,Min-sik Choi,Oldeuboi,1962-01-22
713,nm0000191,2014-03-10,2014-03-10,,Ewan McGregor,Moulin Rouge!,1971-03-31
714,nm0305558,2014-03-10,2014-03-10,,Gael Garc�a Bernal,Mozart in the Jungle,1978-11-30
715,nm0004486,2014-03-10,2014-03-10,,Bruno Ganz,Der Untergang,1941-03-22
716,nm0000276,2014-03-10,2014-03-10,,Sean Astin,The Lord of the Rings: The Two Towers,1971-02-25
717,nm0451234,2016-06-18,2016-06-18,,Irrfan Khan,Dabba,1967-01-07
718,nm0355910,2016-06-18,2016-06-18,,Michael C. Hall,Dexter,1971-02-01
719,nm0001702,2014-03-10,2014-03-10,,Roy Scheider,Jaws,1932-11-10
720,nm0000729,2014-03-10,2014-03-10,,Casey Affleck,Gone Baby Gone,1975-08-12
721,nm0000997,2014-03-10,2014-03-10,,Gary Busey,The Buddy Holly Story,1944-06-29
722,nm0005342,2016-06-18,2016-06-18,,Norman Reedus,The Walking Dead,1969-01-06
723,nm0001099,2014-03-10,2014-03-10,,Jeff Daniels,The Squid and the Whale,1955-02-19
724,nm0001804,2014-03-10,2014-03-10,,Stanley Tucci,Big Night,1960-11-11
725,nm0000662,2014-03-10,2014-03-10,,Kiefer Sutherland,24,1966-12-21
726,nm0000706,2015-03-08,2015-03-08,,Michelle Yeoh,Wo hu cang long,1962-08-06
727,nm2244205,2014-03-10,2014-03-10,,L�a Seydoux,La vie d'Ad�le,1985-07-01
728,nm0424848,2015-03-08,2015-03-08,,Dakota Johnson,Fifty Shades of Grey,1989-10-04
729,nm0000365,2014-03-10,2014-03-10,,Julie Delpy,Trois couleurs: Blanc,1969-12-21
730,nm0000157,2014-03-10,2014-03-10,,Linda Hamilton,Terminator 2: Judgment Day,1956-09-26
731,nm0000402,2014-03-10,2014-03-10,,Carrie Fisher,Star Wars,1956-10-21
732,nm0000427,2014-03-10,2014-03-10,,Pam Grier,Jackie Brown,1949-05-26
733,nm0001951,2014-03-10,2014-03-10,,Bj�rk,Dancer in the Dark,1965-11-21
734,nm0115161,2014-03-10,2014-03-10,,Emily Browning,A Series of Unfortunate Events,1988-12-07
735,nm0000496,2014-03-10,2014-03-10,,Juliette Lewis,Natural Born Killers,1973-06-21
736,nm0000572,2014-03-10,2014-03-10,,Sarah Jessica Parker,Sex and the City,1965-03-25
737,nm0001453,2014-03-10,2014-03-10,,Piper Laurie,The Hustler,1932-01-22
738,nm1415323,2014-03-10,2014-03-10,,Miley Cyrus,Hannah Montana,1992-11-23
739,nm0005499,2014-03-10,2014-03-10,,Lily Tomlin,Nashville,1939-09-01
740,nm0005412,2019-11-09,2019-11-09,,Jane Seymour,"Dr. Quinn, Medicine Woman",1951-02-15
741,nm0001784,2014-03-10,2014-03-10,,Gloria Stuart,Titanic,1910-07-04
742,nm0001735,2014-03-10,2014-03-10,,Talia Shire,Rocky,1946-04-25
743,nm2933757,2017-09-16,2017-09-16,,Gal Gadot,Wonder Woman,1985-04-30
744,nm0528987,2014-03-10,2014-03-10,,Sue Lyon,Lolita,1946-07-10
745,nm0000556,2014-03-10,2014-03-10,,Olivia Newton-John,Grease,1948-09-26
746,nm0000378,2014-03-10,2014-03-10,,Minnie Driver,Grosse Pointe Blank,1970-01-31
747,nm0000414,2014-03-10,2014-03-10,,Teri Garr,Close Encounters of the Third Kind,1947-12-11
748,nm0005392,2014-03-10,2014-03-10,,Keri Russell,Waitress,1976-03-23
749,nm0781029,2014-03-10,2014-03-10,,Jean Seberg,� bout de souffle,1938-11-13
750,nm0001631,2014-03-10,2014-03-10,,Sarah Polley,Dawn of the Dead,1979-01-08
751,nm0000982,2014-03-10,2014-03-10,,Josh Brolin,Avengers: Endgame,1968-02-12
752,nm0001358,2014-03-10,2014-03-10,,Hal Holbrook,Into the Wild,1925-02-17
753,nm0005023,2014-03-10,2014-03-10,,Djimon Hounsou,Blood Diamond,1964-04-24
754,nm0000369,2014-03-10,2014-03-10,,Matt Dillon,There's Something About Mary,1964-02-18
755,nm0000257,2014-03-10,2014-03-10,,Alan Alda,M*A*S*H,1936-01-28
756,nm0002006,2014-03-10,2014-03-10,,Thomas Haden Church,Sideways,1960-06-17
757,nm0654110,2014-03-10,2014-03-10,,Clive Owen,Closer,1964-10-03
758,nm0913822,2014-03-10,2014-03-10,,Ken Watanabe,The Last Samurai,1959-10-21
759,nm4139037,2014-03-10,2014-03-10,,Suraj Sharma,Life of Pi,1993-03-21
760,nm0000604,2014-03-10,2014-03-10,,John C. Reilly,Chicago,1965-05-24
761,nm0003817,2014-03-10,2014-03-10,,Michael Clarke Duncan,The Green Mile,1957-12-10
762,nm0005286,2014-03-10,2014-03-10,,Haley Joel Osment,The Sixth Sense,1988-04-10
763,nm0001427,2014-03-10,2014-03-10,,Greg Kinnear,As Good as It Gets,1963-06-17
764,nm0000608,2014-03-10,2014-03-10,,Burt Reynolds,Boogie Nights,1936-02-11
765,nm0001233,2014-03-10,2014-03-10,,Robert Forster,Jackie Brown,1941-07-13
766,nm0005403,2014-03-10,2014-03-10,,Jason Schwartzman,Rushmore,1980-06-26
767,nm0000513,2014-03-10,2014-03-10,,William H. Macy,Fargo,1950-03-13
768,nm0000090,2014-03-10,2014-03-10,,Armin Mueller-Stahl,Eastern Promises,1930-12-17
769,nm0000619,2014-03-10,2014-03-10,,Tim Roth,Rob Roy,1961-05-14
770,nm0000342,2014-03-10,2014-03-10,,James Cromwell,The Green Mile,1940-01-27
771,nm0001590,2014-03-10,2014-03-10,,Chazz Palminteri,The Usual Suspects,1952-05-15
772,nm0000641,2014-03-10,2014-03-10,,Gary Sinise,Forrest Gump,1955-03-17
773,nm0006890,2014-03-10,2014-03-10,,Paul Scofield,A Man for All Seasons,1922-01-21
774,nm0000592,2014-03-10,2014-03-10,,Pete Postlethwaite,The Usual Suspects,1946-02-07
775,nm0915989,2014-03-09,2014-03-09,,Hugo Weaving,The Lord of the Rings: The Return of the King,1960-04-04
776,nm0000586,2014-03-10,2014-03-10,,Jada Pinkett Smith,The Matrix Revolutions,1971-09-18
777,nm0001575,2014-03-10,2014-03-10,,Tatum O'Neal,Paper Moon,1963-11-05
778,nm0267506,2014-03-10,2014-03-10,,Anna Faris,The House Bunny,1976-11-29
779,nm0567408,2014-03-09,2014-03-09,,Hattie McDaniel,Gone with the Wind,1893-06-10
780,nm0000463,2014-03-10,2014-03-10,,Famke Janssen,X-Men: The Last Stand,1964-11-05
781,nm0683253,2015-03-08,2015-03-08,,Rosamund Pike,Gone Girl,1979-01-27
782,nm0001372,2014-03-10,2014-03-10,,Bonnie Hunt,Jumanji,1961-09-22
783,nm0005182,2014-03-10,2014-03-10,,Leslie Mann,Knocked Up,1972-03-26
784,nm1411676,2014-03-10,2014-03-10,,Mindy Kaling,The Office,1979-06-24
785,nm0628601,2014-03-10,2014-03-10,,Thandie Newton,Crash,1972-11-06
786,nm0688132,2019-03-19,2019-03-19,,Amy Poehler,Inside Out,1971-09-16
787,nm0001605,2014-03-10,2014-03-10,,Amanda Peet,2012,1972-01-11
788,nm0005466,2014-03-10,2014-03-10,,Julia Stiles,10 Things I Hate About You,1981-03-28
789,nm0004742,2014-03-10,2014-03-10,,Maria Bello,A History of Violence,1967-04-18
790,nm0578949,2014-03-10,2014-03-10,,Eva Mendes,Hitch,1974-03-05
791,nm1289434,2014-03-10,2014-03-10,,Emily Blunt,Edge of Tomorrow,1983-02-23
792,nm0126284,2014-03-10,2014-03-10,,Rose Byrne,Spy,1979-07-24
793,nm0000171,2014-03-10,2014-03-10,,Ashley Judd,Double Jeopardy,1968-04-19
794,nm3592338,2014-03-10,2014-03-10,,Emilia Clarke,Game of Thrones,1986-10-23
795,nm0000775,2014-03-10,2014-03-10,,Christina Applegate,The Sweetest Thing,1971-11-25
796,nm0000505,2014-03-10,2014-03-10,,Nia Long,Big Momma's House,1970-10-30
797,nm0428065,2015-03-08,2015-03-08,,Felicity Jones,Rogue One,1983-10-17
798,nm0000495,2014-03-10,2014-03-10,,T�a Leoni,The Family Man,1966-02-25
799,nm1275259,2014-03-10,2014-03-10,,Alexandra Daddario,Baywatch,1986-03-16
800,nm0540441,2014-03-10,2014-03-10,,Jena Malone,Contact,1984-11-21
801,nm0000152,2014-03-10,2014-03-10,,Richard Gere,Chicago,1949-08-31
802,nm0296545,2014-03-10,2014-03-10,,Nick Frost,Paul,1972-03-28
803,nm0000501,2014-03-10,2014-03-10,,Ray Liotta,Goodfellas,1954-12-18
804,nm0001674,2014-03-10,2014-03-10,,Chris Rock,Top Five,1965-02-07
805,nm0358316,2014-03-10,2014-03-10,,Jon Hamm,Mad Men,1971-03-10
806,nm0000439,2014-03-10,2014-03-10,,Neil Patrick Harris,How I Met Your Mother,1973-06-15
807,nm0000221,2014-03-10,2014-03-10,,Charlie Sheen,Two and a Half Men,1965-09-03
808,nm0753314,2016-06-18,2016-06-18,,Mark Rylance,Bridge of Spies,1960-01-18
809,nm0000412,2014-03-10,2014-03-10,,Andy Garcia,Ocean's Eleven,1956-04-12
810,nm0503627,2014-03-10,2014-03-10,,Michael Lerner,Barton Fink,1941-06-22
811,nm0001295,2014-03-10,2014-03-10,,Graham Greene,The Green Mile,1952-06-22
812,nm0001117,2014-03-10,2014-03-10,,Bruce Davison,X-Men,1946-06-28
813,nm0000101,2014-03-10,2014-03-10,,Dan Aykroyd,Blues Brothers 2000,1952-07-01
814,nm0000732,2014-03-10,2014-03-10,,Danny Aiello,Do the Right Thing,1933-06-20
815,nm0000203,2014-03-10,2014-03-10,,River Phoenix,My Own Private Idaho,1970-08-23
816,nm0001777,2014-03-10,2014-03-10,,Dean Stockwell,Quantum Leap,1936-03-05
817,nm0000345,2014-03-10,2014-03-10,,Billy Crystal,Forget Paris,1948-03-14
818,nm0000422,2014-03-10,2014-03-10,,John Goodman,10 Cloverfield Lane,1952-06-20
819,nm0089217,2014-03-10,2014-03-10,,Orlando Bloom,The Lord of the Rings: The Fellowship of the Ring,1977-01-13
820,nm0001745,2014-03-10,2014-03-10,,Stellan Skarsg�rd,Good Will Hunting,1951-06-13
821,nm0002907,2016-06-18,2016-06-18,,Alexander Skarsg�rd,True Blood,1976-08-25
822,nm0000196,2014-03-10,2014-03-10,,Mike Myers,Austin Powers: The Spy Who Shagged Me,1963-05-25
823,nm0879085,2014-03-10,2014-03-10,,Tyrese Gibson,Baby Boy,1978-12-30
824,nm0000704,2014-03-10,2014-03-10,,Elijah Wood,The Lord of the Rings: The Fellowship of the Ring,1981-01-28
825,nm0000362,2014-03-10,2014-03-10,,Danny DeVito,Matilda,1944-11-17
826,nm0001333,2014-03-09,2014-03-09,,Susan Hayward,With a Song in My Heart,1917-06-30
827,nm0735442,2014-03-10,2014-03-10,,Michelle Rodriguez,Avatar,1978-07-12
828,nm0001264,2014-03-10,2014-03-10,,Sarah Michelle Gellar,Buffy the Vampire Slayer,1977-04-14
829,nm0644897,2019-03-19,2019-03-19,,Sandra Oh,Sideways,1971-07-20
830,nm0452288,2019-09-04,2019-09-04,,Margot Kidder,Superman,1948-10-17
831,nm0461498,2014-03-10,2014-03-10,,Beyonc�,Dreamgirls,1981-09-04
832,nm0356017,2014-03-10,2014-03-10,,Rebecca Hall,Vicky Cristina Barcelona,1982-05-03
833,nm0005305,2014-03-10,2014-03-10,,Piper Perabo,Coyote Ugly,1976-10-31
834,nm0001073,2014-03-10,2014-03-10,,Courteney Cox,Friends,1964-06-15
835,nm0000205,2014-03-10,2014-03-10,,Parker Posey,Scream 3,1968-11-08
836,nm1745736,2014-03-10,2014-03-10,,Paula Patton,Precious,1975-12-05
837,nm1157358,2014-03-10,2014-03-10,,Michelle Monaghan,Kiss Kiss Bang Bang,1976-03-23
838,nm0000132,2014-03-10,2014-03-10,,Claire Danes,My So-Called Life,1979-04-12
839,nm0005049,2019-03-19,2019-03-19,,Allison Janney,The Help,1959-11-19
840,nm0098378,2014-03-10,2014-03-10,,Kate Bosworth,Superman Returns,1983-01-02
841,nm0939697,2014-03-10,2014-03-10,,Evan Rachel Wood,Thirteen,1987-09-07
842,nm0000227,2015-03-08,2015-03-08,,Mira Sorvino,Mighty Aphrodite,1967-09-28
843,nm0955471,2014-03-10,2014-03-10,,Ziyi Zhang,Yi dai zong shi,1979-02-09
844,nm0004789,2014-03-10,2014-03-10,,Amanda Bynes,Hairspray,1986-04-03
845,nm0001435,2014-03-10,2014-03-10,,Lisa Kudrow,Friends,1963-07-30
846,nm1779870,2019-07-29,2019-07-29,,Brit Marling,Another Earth,1982-08-07
847,nm0001122,2014-03-10,2014-03-10,,Ellen DeGeneres,Ellen: The Ellen DeGeneres Show,1958-01-26
848,nm0005527,2015-03-08,2015-03-08,,Sof�a Vergara,Hot Pursuit,1972-07-10
849,nm0601553,2014-03-10,2014-03-10,,Mandy Moore,A Walk to Remember,1984-04-10
850,nm0000515,2014-03-10,2014-03-10,,Virginia Madsen,Sideways,1961-09-11
851,nm0005188,2014-03-10,2014-03-10,,James Marsden,Hairspray,1973-09-18
852,nm0000741,2014-03-10,2014-03-10,,Tim Allen,Toy Story,1953-06-13
853,nm0000610,2014-03-10,2014-03-10,,Giovanni Ribisi,Boiler Room,1974-12-17
854,nm0000442,2016-06-18,2016-06-18,,Rutger Hauer,Blade Runner,1944-01-23
855,nm0000681,2014-03-10,2014-03-10,,Vince Vaughn,The Break-Up,1970-03-28
856,nm0004051,2014-03-10,2014-03-10,,Brian Cox,X2,1946-06-01
857,nm0000598,2014-03-10,2014-03-10,,Dennis Quaid,Far from Heaven,1954-04-09
858,nm0000491,2014-03-10,2014-03-10,,John Leguizamo,Moulin Rouge!,1964-07-22
859,nm0000474,2014-03-10,2014-03-10,,Michael Keaton,Birdman or (The Unexpected Virtue of Ignorance),1951-09-05
860,nm0121605,2014-03-10,2014-03-10,,Billy Burke,Twilight,1966-11-25
861,nm0322407,2014-03-10,2014-03-10,,Brendan Gleeson,The Guard,1955-03-29
862,nm0000314,2019-03-18,2019-03-18,,Charles Bronson,C'era una volta il West,1921-11-03
863,nm0000596,2014-03-10,2014-03-10,,Jonathan Pryce,The Two Popes,1947-06-01
864,nm0001497,2014-03-10,2014-03-10,,Tobey Maguire,Brothers,1975-06-27
865,nm0790688,2014-03-10,2014-03-10,,Michael Sheen,Masters of Sex,1969-02-05
866,nm0519043,2014-03-10,2014-03-10,,Justin Long,Live Free or Die Hard,1978-06-02
867,nm0085312,2014-03-10,2014-03-10,,Jack Black,The School of Rock,1969-08-28
868,nm0000316,2019-03-18,2019-03-18,,Mel Brooks,Spaceballs,1926-06-28
869,nm0000112,2014-03-10,2014-03-10,,Pierce Brosnan,The World Is Not Enough,1953-05-16
870,nm0000293,2014-03-10,2014-03-10,,Sean Bean,The Lord of the Rings: The Fellowship of the Ring,1959-04-17
871,nm0991810,2017-09-16,2017-09-16,,Mahershala Ali,House of Cards,1974-02-16
872,nm0241049,2014-03-10,2014-03-10,,Josh Duhamel,Transformers,1972-11-14
873,nm1569276,2019-03-18,2019-03-18,,Chadwick Boseman,Black Panther,1977-11-29
874,nm0269463,2014-03-10,2014-03-10,,Jon Favreau,Chef,1966-10-19
875,nm0000418,2014-03-10,2014-03-10,,Danny Glover,Lethal Weapon,1946-07-22
876,nm2951768,2014-03-10,2014-03-10,,Freida Pinto,Slumdog Millionaire,1984-10-18
877,nm0240381,2014-03-10,2014-03-10,,Hilary Duff,A Cinderella Story,1987-09-28
878,nm0935541,2014-03-10,2014-03-10,,Mary Elizabeth Winstead,10 Cloverfield Lane,1984-11-28
879,nm0177639,2014-03-10,2014-03-10,,Jennifer Coolidge,A Cinderella Story,1961-08-28
880,nm2057859,2015-03-08,2015-03-08,,Andrea Riseborough,Birdman or (The Unexpected Virtue of Ignorance),1981-11-20
881,nm0000208,2015-03-08,2015-03-08,,Molly Ringwald,Sixteen Candles,1968-02-18
882,nm0005064,2014-03-10,2014-03-10,,January Jones,X: First Class,1978-01-05
883,nm0748973,2015-03-08,2015-03-08,,Maya Rudolph,Bridesmaids,1972-07-27
884,nm0000521,2015-03-08,2015-03-08,,Sophie Marceau,La boum,1966-11-17
885,nm0004376,2014-03-10,2014-03-10,,Franka Potente,Lola rennt,1974-07-22
886,nm2946516,2019-03-19,2019-03-19,,Claire Foy,First Man,1984-04-16
887,nm0429069,2014-03-10,2014-03-10,,Rashida Jones,Parks and Recreation,1976-02-25
888,nm0000224,2014-03-10,2014-03-10,,Alicia Silverstone,Clueless,1976-10-04
889,nm0001273,2015-07-05,2015-07-05,,Lillian Gish,The Night of the Hunter,1893-10-14
890,nm1431940,2014-03-10,2014-03-10,,Evangeline Lilly,Ant-Man,1979-08-03
891,nm1469236,2019-03-19,2019-03-19,,Olivia Colman,The Favourite,1974-01-30
892,nm0257969,2015-03-08,2015-03-08,,Mireille Enos,World War Z,1975-09-22
893,nm0001349,2014-03-10,2014-03-10,,Jennifer Love Hewitt,I Know What You Did Last Summer,1979-02-21
894,nm0002536,2014-03-10,2014-03-10,,Emmy Rossum,The Phantom of the Opera,1986-09-12
895,nm1428821,2014-03-10,2014-03-10,,Joey King,The Act,1999-07-30
896,nm0329481,2014-03-10,2014-03-10,,Ginnifer Goodwin,Big Love,1978-05-22
897,nm0852132,2014-03-10,2014-03-10,,Christine Taylor,Dodgeball: A True Underdog Story,1971-07-30
898,nm1227814,2014-03-10,2014-03-10,,Vanessa Hudgens,High School Musical 3: Senior Year,1988-12-14
899,nm0001009,2014-03-10,2014-03-10,,Kate Capshaw,Indiana Jones and the Temple of Doom,1953-11-03
900,nm0180411,2014-03-10,2014-03-10,,Abbie Cornish,Candy,1982-08-07
901,nm0000453,2014-03-10,2014-03-10,,Ian Holm,The Lord of the Rings: The Fellowship of the Ring,1931-09-12
902,nm0001447,2014-03-10,2014-03-10,,Nathan Lane,The Producers,1956-02-03
903,nm0000144,2014-03-10,2014-03-10,,Cary Elwes,Saw,1962-10-26
904,nm0001454,2014-03-10,2014-03-10,,Martin Lawrence,Martin,1965-04-16
905,nm0176869,2014-03-10,2014-03-10,,Steve Coogan,Philomena,1965-10-14
906,nm0056187,2014-03-10,2014-03-10,,Sacha Baron Cohen,Borat: Cultural Learnings of America for Make Benefit Glorious Nation of Kazakhstan,1971-10-13
907,nm0942482,2014-03-10,2014-03-10,,Jeffrey Wright,Shaft,1965-12-07
908,nm0000329,2014-03-10,2014-03-10,,Jackie Chan,Ngo si seoi,1954-04-07
909,nm0001173,2014-03-10,2014-03-10,,Aaron Eckhart,The Dark Knight,1968-03-12
910,nm0941777,2014-03-10,2014-03-10,,Sam Worthington,Avatar,1976-08-02
911,nm0202603,2014-03-10,2014-03-10,,Jack Davenport,Pirates of the Caribbean: Dead Man's Chest,1973-03-01
912,nm0000547,2014-03-10,2014-03-10,,Alfred Molina,Spider-Man 2,1953-05-24
913,nm0000347,2019-03-18,2019-03-18,,Tim Curry,Congo,1946-04-19
914,nm0000434,2014-03-10,2014-03-10,,Mark Hamill,Star Wars,1951-09-25
915,nm0000409,2014-03-10,2014-03-10,,Brendan Fraser,The Mummy,1968-12-03
916,nm0001084,2014-03-10,2014-03-10,,Ice Cube,Friday,1969-06-15
917,nm0000630,2014-03-10,2014-03-10,,Liev Schreiber,Spotlight,1967-10-04
918,nm1159180,2014-03-10,2014-03-10,,Ed Helms,The Hangover,1974-01-24
919,nm0000174,2014-03-10,2014-03-10,,Val Kilmer,The Doors,1959-12-31
920,nm1258970,2014-03-10,2014-03-10,,Russell Brand,Arthur,1975-06-04
921,nm0005266,2014-03-10,2014-03-10,,Craig T. Nelson,The Incredibles,1944-04-04
922,nm0005170,2014-03-10,2014-03-10,,Bernie Mac,The Bernie Mac Show,1957-10-05
923,nm0001772,2014-03-10,2014-03-10,,Patrick Stewart,Logan,1940-07-13
924,nm0001293,2014-03-10,2014-03-10,,Seth Green,Austin Powers in Goldmember,1974-02-08
925,nm0005110,2014-03-10,2014-03-10,,Ashton Kutcher,That '70s Show,1978-02-07
926,nm0001642,2014-03-10,2014-03-10,,Randy Quaid,Brokeback Mountain,1950-10-01
927,nm0000648,2014-03-10,2014-03-10,,Wesley Snipes,Blade,1962-07-31
928,nm0654648,2015-03-08,2015-03-08,,David Oyelowo,Selma,1976-04-01
929,nm0835016,2014-03-10,2014-03-10,,Mark Strong,1917,1963-08-05
930,nm0001705,2014-03-10,2014-03-10,,Rob Schneider,Deuce Bigalow: European Gigolo,1963-10-31
931,nm0059431,2014-03-10,2014-03-10,,Jay Baruchel,Goon,1982-04-09
932,nm0159789,2014-03-10,2014-03-10,,Hayden Christensen,Star Wars: Episode II - Attack of the Clones,1981-04-19
933,nm0829032,2014-03-10,2014-03-10,,Ray Stevenson,Thor,1964-05-25
934,nm0079273,2014-03-10,2014-03-10,,Paul Bettany,Master and Commander: The Far Side of the World,1971-05-27
935,nm0491402,2014-03-10,2014-03-10,,Hugh Laurie,House M.D.,1959-06-11
936,nm0000676,2014-03-10,2014-03-10,,Chris Tucker,Rush Hour 2,1971-08-31
937,nm0001006,2019-04-12,2019-04-12,,John Candy,"Planes, Trains & Automobiles",1950-10-31
938,nm0000277,2019-03-18,2019-03-18,,Richard Attenborough,Jurassic Park,1923-08-29
939,nm0000563,2014-03-10,2014-03-10,,Chris O'Donnell,Batman & Robin,1970-06-26
940,nm0000973,2014-03-10,2014-03-10,,Benjamin Bratt,Miss Congeniality,1963-12-16
941,nm0996669,2014-03-10,2014-03-10,,Common,Wanted,1972-03-13
942,nm0005541,2014-03-10,2014-03-10,,Marlon Wayans,White Chicks,1972-07-23
943,nm0000983,2014-03-10,2014-03-10,,Albert Brooks,Drive,1947-07-22
944,nm0666739,2019-03-18,2019-03-18,,Aaron Paul,Breaking Bad,1979-08-27
945,nm0000346,2014-03-10,2014-03-10,,Macaulay Culkin,Home Alone,1980-08-26
946,nm0000385,2014-03-10,2014-03-10,,Sam Elliott,A Star Is Born,1944-08-09
947,nm5473782,2019-07-29,2019-07-29,,Taron Egerton,Rocketman,1989-11-10
948,nm0001029,2014-03-10,2014-03-10,,Jim Caviezel,The Passion of the Christ,1968-09-26
949,nm0000062,2019-03-19,2019-03-19,,Elvis Presley,Tickle Me,1935-01-08
950,nm1706767,2014-03-09,2014-03-09,,Jonah Hill,21 Jump Street,1983-12-20
951,nm0437646,2019-07-29,2019-07-29,,Sung Kang,Furious 6,1972-04-08
952,nm0837177,2014-03-10,2014-03-10,,Jason Sudeikis,Colossal,1975-09-18
953,nm0001326,2014-03-10,2014-03-10,,Josh Hartnett,Lucky Number Slevin,1978-07-21
954,nm0614165,2014-03-10,2014-03-10,,Cillian Murphy,28 Days Later...,1976-05-25
955,nm0001082,2014-03-10,2014-03-10,,Billy Crudup,Almost Famous,1968-07-08
956,nm1107001,2014-03-10,2014-03-10,,Anthony Mackie,The Hurt Locker,1978-09-23
957,nm0000858,2019-03-19,2019-03-19,,John Barrymore,Twentieth Century,1882-02-15
958,nm0648249,2014-03-10,2014-03-10,,Timothy Olyphant,Justified,1968-05-20
959,nm1265802,2014-03-10,2014-03-10,,Josh Gad,Frozen,1981-02-23
960,nm0000708,2019-07-29,2019-07-29,,Billy Zane,Titanic,1966-02-24
961,nm0005561,2014-03-10,2014-03-10,,Luke Wilson,Old School,1971-09-21
962,nm0765597,2014-03-10,2014-03-10,,Peter Sarsgaard,Shattered Glass,1971-03-07
963,nm0406975,2014-03-10,2014-03-10,,Rhys Ifans,The Amazing Spider-Man,1967-07-22
964,nm0333410,2014-03-10,2014-03-10,,Topher Grace,Spider-Man 3,1978-07-12
965,nm0366389,2014-03-10,2014-03-10,,Kevin Hart,Ride Along,1979-07-06
966,nm0200452,2014-03-10,2014-03-10,,Paul Dano,There Will Be Blood,1984-06-19
967,nm0352778,2015-03-08,2015-03-08,,Bill Hader,The Skeleton Twins,1978-06-07
968,nm0000507,2014-03-10,2014-03-10,,Rob Lowe,St. Elmo's Fire,1964-03-17
969,nm0000305,2019-03-19,2019-03-19,,Mel Blanc,Who Framed Roger Rabbit,1908-05-30
970,nm0005450,2014-03-10,2014-03-10,,David Spade,Joe Dirt,1964-07-22
971,nm1443527,2014-03-10,2014-03-10,,Rob Riggle,The Daily Show,1970-04-21
972,nm0000448,2014-03-10,2014-03-10,,Lance Henriksen,Hard Target,1940-05-05
973,nm0420955,2015-03-08,2015-03-08,,Richard Jenkins,The Shape of Water,1947-05-04
974,nm0000389,2019-03-19,2019-03-19,,Emilio Estevez,The Way,1962-05-12
975,nm1013003,2014-03-10,2014-03-10,,Michael Ealy,Barbershop,1973-08-03
976,nm0068260,2014-03-10,2014-03-10,,Jamie Bell,Billy Elliot,1986-03-14
977,nm1684869,2019-03-19,2019-03-19,,Troy Baker,The Last of Us,1976-04-01
978,nm1144419,2014-03-10,2014-03-10,,Danny McBride,Pineapple Express,1976-12-29
979,nm0001667,2015-07-05,2015-07-05,,Jonathan Rhys Meyers,Den 12. mann,1977-07-27
980,nm0148418,2014-03-10,2014-03-10,,Michael Cera,Superbad,1988-06-07
981,nm0000200,2016-06-18,2016-06-18,,Bill Paxton,Aliens,1955-05-17
982,nm0344435,2014-03-10,2014-03-10,,Ioan Gruffudd,Fantastic Four,1973-10-06
983,nm0511088,2016-06-18,2016-06-18,,Andrew Lincoln,The Walking Dead,1973-09-14
984,nm3009232,2019-03-19,2019-03-19,,Ezra Miller,The Perks of Being a Wallflower,1992-09-30
985,nm0000597,2016-06-18,2016-06-18,,Bill Pullman,Independence Day,1953-12-17
986,nm0732497,2015-03-08,2015-03-08,,Craig Robinson,This Is the End,1971-10-25
987,nm0206359,2014-03-10,2014-03-10,,Charlie Day,It's Always Sunny in Philadelphia,1976-02-09
988,nm1676221,2014-03-10,2014-03-10,,Andy Samberg,Saturday Night Live,1978-08-18
989,nm1330560,2014-03-10,2014-03-10,,Garrett Hedlund,Tron,1984-09-03
990,nm1544217,2014-03-10,2014-03-10,,Cam Gigandet,Twilight,1982-08-16
991,nm1024677,2014-03-10,2014-03-10,,John Krasinski,A Quiet Place,1979-10-20
992,nm0416673,2015-08-13,2015-08-13,,Kevin James,Paul Blart: Mall Cop,1965-04-26
993,nm0001659,2014-03-10,2014-03-10,,Christopher Reeve,Superman,1952-09-25
994,nm0564215,2015-08-13,2015-08-13,,James McAvoy,Filth,1979-04-21
995,nm0001722,2014-03-10,2014-03-10,,Rufus Sewell,Dark City,1967-10-29
996,nm3485845,2019-03-19,2019-03-19,,Adam Driver,Star Wars: Episode VII - The Force Awakens,1983-11-19
997,nm0000885,2014-03-10,2014-03-10,,Ned Beatty,Network,1937-07-06
998,nm0000092,2014-03-10,2014-03-10,,John Cleese,A Fish Called Wanda,1939-10-27
999,nm0001806,2014-03-10,2014-03-10,,John Turturro,Barton Fink,1957-02-28
1000,nm0001471,2017-09-16,2017-09-16,,Jerry Lewis,The Nutty Professor,1926-03-16
